Customer_id,Customer_name,Subsegment,City,Division,Category,Version,Sales_amount,No_of_Licences,Sales_Date
129,C1,Lower Mid-Market,Chennai,RSD9,RSD9_RSC3,2003,58719.00,37,03-08-2008
419,C2,Upper Mid-Market,Delhi,RSD9,RSD9_RSC5,2002_V2,16944.00,12,11/25/2008
270,C3,Education,Kolkata,RSD7,RSD7_RSC5,2005_V2,128128.00,44,6/29/2008
287,C4,Government,Kolkata,RSD8,RSD8_RSC4,2008,26013.00,13,11/16/2008
317,C5,Core Mid-Market,Chennai,RSD9,RSD9_RSC3,2005_V1,3174.00,2,6/22/2008
222,C6,Upper Mid-Market,Bangalore,RSD6,RSD6_RSC2,2002_V1,1072.00,2,04-05-2008
159,C7,Upper Mid-Market,Delhi,RSD3,RSD3_RSC4,2005_V2,49588.00,22,6/18/2008
457,C8,Education,Delhi,RSD4,RSD4_RSC1,2005_V1,148544.00,32,7/26/2008
473,C9,Government,Mumbai,RSD8,RSD8_RSC4,2004,28014.00,14,4/18/2008
149,C10,Lower Mid-Market,Kolkata,RSD10,RSD10_RSC2,2008,89910.00,37,12/31/2008
150,C11,Education,Pune,RSD1,RSD1_RSC4,2002_V2,15345.00,9,9/25/2008
435,C12,Government,Cochin,RSD4,RSD4_RSC2,2003,159800.00,50,6/26/2008
110,C13,Lower Mid-Market,Belgaum,RSD3,RSD3_RSC1,2006,16110.00,15,12-08-2008
408,C14,Upper Mid-Market,Mysore,RSD7,RSD7_RSC5,2004,96096.00,33,6/21/2008
276,C15,Education,Hyderabad,RSD6,RSD6_RSC5,2004,83880.00,36,7/16/2008
137,C16,Government,Jaipur,RSD9,RSD9_RSC3,2002_V2,33327.00,21,6/23/2008
256,C17,Lower Mid-Market,Jaipur,RSD5,RSD5_RSC2,2003,119328.00,48,5/25/2008
121,C18,Government,Jharkand,RSD1,RSD1_RSC1,2005_V1,12260.00,20,1/29/2008
322,C19,Lower Mid-Market,Mangalore,RSD10,RSD10_RSC1,2005_V2,89388.00,36,9/30/2008
425,C20,Lower Mid-Market,Nagpur,RSD1,RSD1_RSC2,2002_V1,64288.00,49,06-08-2008
210,C21,Upper Mid-Market,Chennai,RSD5,RSD5_RSC3,2006,105708.00,23,8/13/2008
292,C22,Core Mid-Market,Bangalore,RSD9,RSD9_RSC4,2004,88100.00,20,3/22/2008
160,C23,Education,Indore,RSD9,RSD9_RSC4,2006,145365.00,33,04-03-2008
179,C24,Education,Noida,RSD6,RSD6_RSC4,2002_V2,51296.00,16,05-08-2008
212,C25,Government,Kolkata,RSD1,RSD1_RSC5,2006,32436.00,34,2/29/2008
159,C7,Upper Mid-Market,Delhi,RSD1,RSD1_RSC1,2002_V1,24520.00,40,6/18/2008
212,C25,Government,Kolkata,RSD2,RSD2_RSC4,2005_V1,35575.00,25,04-06-2008
292,C22,Core Mid-Market,Bangalore,RSD6,RSD6_RSC1,2002_V2,8688.00,2,10/31/2008
361,C26,Upper Mid-Market,Coimbatore,RSD3,RSD3_RSC4,2005_V2,78890.00,35,7/31/2008
325,C27,Lower Mid-Market,Ranchi,RSD3,RSD3_RSC3,2005_V2,28624.00,16,12/24/2008
334,C28,Government,Pune,RSD4,RSD4_RSC5,2005_V1,9355.00,5,04-06-2008
464,C29,Lower Mid-Market,Surat,RSD7,RSD7_RSC1,2006,164171.00,47,12/15/2008
158,C30,Lower Mid-Market,Ranchi,RSD7,RSD7_RSC5,2008,81536.00,28,1/28/2008
194,C31,Core Mid-Market,Ahmedabad,RSD6,RSD6_RSC4,2008,54502.00,17,9/14/2008
140,C32,Education,Tirupathi,RSD3,RSD3_RSC5,2004,163654.00,47,10/20/2008
373,C33,Education,Kolkata,RSD9,RSD9_RSC2,2003,64850.00,25,05-10-2008
384,C34,Education,Vadodara,RSD1,RSD1_RSC4,2006,81840.00,48,3/31/2008
250,C35,Government,Udupi,RSD10,RSD10_RSC4,2004,8868.00,6,04-05-2008
389,C36,Upper Mid-Market,Vadodara,RSD9,RSD9_RSC1,2006,2864.00,4,5/26/2008
185,C37,Lower Mid-Market,Pune,RSD2,RSD2_RSC4,2006,39844.00,28,11/26/2008
339,C38,Core Mid-Market,Pune,RSD10,RSD10_RSC3,2008,35936.00,32,12/30/2008
230,C39,Education,Bangalore,RSD8,RSD8_RSC4,2005_V1,58029.00,29,12-07-2008
129,C1,Lower Mid-Market,Chennai,RSD1,RSD1_RSC3,2005_V2,68544.00,24,5/13/2008
460,C40,Government,Hyderabad,RSD3,RSD3_RSC4,2005_V2,6762.00,3,11/14/2008
276,C15,Education,Hyderabad,RSD10,RSD10_RSC3,2004,5615.00,5,04-12-2008
243,C41,Government,Belgaum,RSD10,RSD10_RSC1,2002_V2,64558.00,26,8/31/2008
218,C42,Government,Delhi,RSD3,RSD3_RSC4,2005_V2,13524.00,6,08-08-2008
137,C16,Government,Jaipur,RSD8,RSD8_RSC3,2005_V2,22648.00,19,03-12-2008
249,C43,Government,Coimbatore,RSD8,RSD8_RSC2,2008,153475.00,35,4/17/2008
349,C44,Lower Mid-Market,Delhi,RSD7,RSD7_RSC3,2005_V2,37334.00,11,7/31/2008
334,C28,Government,Pune,RSD1,RSD1_RSC1,2008,613.00,1,09-09-2008
374,C45,Education,Cochin,RSD9,RSD9_RSC2,2002_V2,80414.00,31,2/27/2008
443,C46,Government,Ranchi,RSD7,RSD7_RSC4,2002_V1,43440.00,12,11-12-2008
294,C47,Lower Mid-Market,Pune,RSD4,RSD4_RSC2,2005_V2,12784.00,4,1/13/2008
486,C48,Upper Mid-Market,Kolkata,RSD5,RSD5_RSC5,2002_V1,94908.00,44,08-09-2008
355,C49,Education,Mumbai,RSD9,RSD9_RSC1,2006,30788.00,43,4/30/2008
105,C50,Government,Mumbai,RSD6,RSD6_RSC1,2004,156384.00,36,2/18/2008
398,C51,Lower Mid-Market,Mumbai,RSD4,RSD4_RSC2,2008,137428.00,43,12/30/2008
444,C52,Government,Mumbai,RSD2,RSD2_RSC5,2006,188584.00,44,8/15/2008
328,C53,Lower Mid-Market,Mumbai,RSD9,RSD9_RSC2,2002_V2,106354.00,41,4/18/2008
385,C54,Lower Mid-Market,Belgaum,RSD3,RSD3_RSC4,2005_V2,60858.00,27,6/14/2008
224,C55,Upper Mid-Market,Varanasi,RSD7,RSD7_RSC3,2004,57698.00,17,8/22/2008
401,C56,Core Mid-Market,Delhi,RSD7,RSD7_RSC4,2002_V2,108600.00,30,10-04-2008
287,C4,Government,Kolkata,RSD1,RSD1_RSC2,2004,17056.00,13,7/13/2008
167,C57,Lower Mid-Market,Delhi,RSD5,RSD5_RSC4,2003,72016.00,28,12/29/2008
397,C58,Upper Mid-Market,Bangalore,RSD2,RSD2_RSC1,2002_V2,5001.00,3,4/23/2008
417,C59,Government,Surat,RSD7,RSD7_RSC4,2002_V1,68780.00,19,5/29/2008
271,C60,Government,Pune,RSD8,RSD8_RSC3,2004,20264.00,17,9/17/2008
142,C61,Upper Mid-Market,Chennai,RSD2,RSD2_RSC5,2005_V2,94292.00,22,8/29/2008
443,C46,Government,Ranchi,RSD10,RSD10_RSC3,2003,12353.00,11,02-07-2008
427,C62,Upper Mid-Market,Jaipur,RSD3,RSD3_RSC2,2002_V1,159487.00,43,2/21/2008
182,C63,Education,Kolkata,RSD8,RSD8_RSC2,2003,35080.00,8,9/28/2008
287,C4,Government,Kolkata,RSD5,RSD5_RSC3,2005_V1,27576.00,6,8/16/2008
129,C1,Lower Mid-Market,Chennai,RSD9,RSD9_RSC3,2002_V1,1587.00,1,05-02-2008
161,C64,Government,Chennai,RSD4,RSD4_RSC5,2002_V1,37420.00,20,1/19/2008
196,C65,Core Mid-Market,Delhi,RSD3,RSD3_RSC2,2005_V2,55635.00,15,07-02-2008
209,C66,Government,Kolkata,RSD10,RSD10_RSC1,2005_V2,14898.00,6,8/28/2008
431,C67,Education,Kolkata,RSD6,RSD6_RSC5,2006,97860.00,42,8/31/2008
116,C68,Lower Mid-Market,Chennai,RSD8,RSD8_RSC2,2002_V1,197325.00,45,1/14/2008
252,C69,Upper Mid-Market,Bangalore,RSD10,RSD10_RSC3,2003,8984.00,8,6/15/2008
195,C70,Lower Mid-Market,Delhi,RSD9,RSD9_RSC4,2005_V2,171795.00,39,5/26/2008
318,C71,Core Mid-Market,Delhi,RSD3,RSD3_RSC1,2003,9666.00,9,09-09-2008
445,C72,Government,Mumbai,RSD3,RSD3_RSC5,2008,139280.00,40,12-10-2008
472,C73,Lower Mid-Market,Kolkata,RSD5,RSD5_RSC1,2005_V2,83232.00,48,1/29/2008
189,C74,Upper Mid-Market,Pune,RSD6,RSD6_RSC4,2005_V2,54502.00,17,06-07-2008
109,C75,Education,Cochin,RSD1,RSD1_RSC2,2002_V2,13120.00,10,10-09-2008
106,C76,Government,Belgaum,RSD8,RSD8_RSC3,2008,42912.00,36,3/20/2008
456,C77,Core Mid-Market,Mysore,RSD8,RSD8_RSC3,2008,54832.00,46,03-08-2008
220,C78,Upper Mid-Market,Hyderabad,RSD6,RSD6_RSC4,2002_V1,115416.00,36,02-10-2008
458,C79,Upper Mid-Market,Jaipur,RSD10,RSD10_RSC1,2005_V1,29796.00,12,10/18/2008
493,C80,Education,Jaipur,RSD3,RSD3_RSC4,2005_V2,92414.00,41,12-08-2008
443,C46,Government,Ranchi,RSD10,RSD10_RSC2,2002_V2,38880.00,16,11-06-2008
111,C81,Government,Jharkand,RSD5,RSD5_RSC1,2002_V2,86700.00,50,9/21/2008
263,C82,Lower Mid-Market,Mangalore,RSD9,RSD9_RSC3,2002_V2,1587.00,1,05-02-2008
150,C11,Education,Pune,RSD6,RSD6_RSC2,2003,3216.00,6,03-04-2008
359,C83,Education,Cochin,RSD6,RSD6_RSC4,2008,60914.00,19,10-11-2008
200,C84,Government,Mumbai,RSD4,RSD4_RSC5,2008,87937.00,47,05-04-2008
423,C85,Lower Mid-Market,Delhi,RSD6,RSD6_RSC3,2002_V2,113000.00,25,9/18/2008
360,C86,Upper Mid-Market,Jaipur,RSD7,RSD7_RSC2,2002_V2,25542.00,33,6/17/2008
182,C63,Education,Kolkata,RSD7,RSD7_RSC1,2005_V1,45409.00,13,1/19/2008
279,C87,Education,Pune,RSD3,RSD3_RSC4,2006,15778.00,7,04-03-2008
226,C88,Government,Bangalore,RSD6,RSD6_RSC5,2006,2330.00,1,7/21/2008
241,C89,Lower Mid-Market,Bangalore,RSD3,RSD3_RSC5,2006,94014.00,27,01-03-2008
159,C7,Upper Mid-Market,Delhi,RSD2,RSD2_RSC1,2008,46676.00,28,10/31/2008
428,C90,Government,Bangalore,RSD10,RSD10_RSC3,2002_V1,47166.00,42,10/16/2008
261,C91,Lower Mid-Market,Mangalore,RSD5,RSD5_RSC2,2005_V2,77066.00,31,03-01-2008
418,C92,Upper Mid-Market,Cochin,RSD9,RSD9_RSC3,2005_V2,30153.00,19,05-11-2008
379,C93,Education,Mumbai,RSD1,RSD1_RSC2,2004,13120.00,10,1/16/2008
210,C21,Upper Mid-Market,Chennai,RSD5,RSD5_RSC1,2008,43350.00,25,11/19/2008
168,C94,Government,Delhi,RSD6,RSD6_RSC2,2002_V1,20368.00,38,02-06-2008
286,C95,Core Mid-Market,Tirupathi,RSD3,RSD3_RSC5,2002_V2,121870.00,35,02-12-2008
169,C96,Upper Mid-Market,Udupi,RSD7,RSD7_RSC4,2006,86880.00,24,7/30/2008
487,C97,Upper Mid-Market,Vadodara,RSD6,RSD6_RSC3,2003,94920.00,21,1/20/2008
220,C78,Upper Mid-Market,Hyderabad,RSD8,RSD8_RSC4,2006,66033.00,33,7/20/2008
314,C98,Education,Varanasi,RSD2,RSD2_RSC2,2002_V2,24032.00,8,9/28/2008
231,C99,Government,Chennai,RSD8,RSD8_RSC1,2002_V2,24464.00,8,11/16/2008
324,C100,Lower Mid-Market,Bangalore,RSD2,RSD2_RSC5,2005_V1,34288.00,8,02-11-2008
306,C101,Education,Delhi,RSD2,RSD2_RSC5,2006,184298.00,43,5/22/2008
125,C102,Government,Mumbai,RSD3,RSD3_RSC3,2004,16101.00,9,05-05-2008
318,C71,Core Mid-Market,Delhi,RSD8,RSD8_RSC4,2002_V2,18009.00,9,11-05-2008
456,C77,Core Mid-Market,Mysore,RSD2,RSD2_RSC2,2002_V2,78104.00,26,10/30/2008
303,C103,Lower Mid-Market,Kolkata,RSD3,RSD3_RSC2,2002_V1,148360.00,40,5/29/2008
249,C43,Government,Coimbatore,RSD6,RSD6_RSC1,2005_V2,125976.00,29,7/14/2008
117,C104,Upper Mid-Market,Cochin,RSD8,RSD8_RSC5,2008,132494.00,31,7/30/2008
280,C105,Education,Pune,RSD3,RSD3_RSC4,2004,22540.00,10,10/24/2008
428,C90,Government,Bangalore,RSD4,RSD4_RSC4,2003,109212.00,38,12-03-2008
120,C106,Government,Belgaum,RSD2,RSD2_RSC1,2005_V2,28339.00,17,5/28/2008
476,C107,Lower Mid-Market,Mysore,RSD2,RSD2_RSC4,2002_V1,18499.00,13,6/22/2008
274,C108,Government,Hyderabad,RSD5,RSD5_RSC2,2008,37290.00,15,01-07-2008
248,C109,Government,Jaipur,RSD6,RSD6_RSC5,2004,46600.00,20,12/29/2008
214,C110,Lower Mid-Market,Jharkand,RSD4,RSD4_RSC2,2005_V1,51136.00,16,12/19/2008
454,C111,Core Mid-Market,Mangalore,RSD10,RSD10_RSC1,2006,94354.00,38,06-10-2008
160,C23,Education,Indore,RSD9,RSD9_RSC2,2002_V1,28534.00,11,07-11-2008
194,C31,Core Mid-Market,Ahmedabad,RSD7,RSD7_RSC2,2004,26316.00,34,1/24/2008
437,C112,Upper Mid-Market,Nagpur,RSD4,RSD4_RSC4,2005_V2,37362.00,13,12/20/2008
170,C113,Education,Indore,RSD8,RSD8_RSC1,2005_V2,42812.00,14,7/13/2008
370,C114,Government,Noida,RSD3,RSD3_RSC4,2008,33810.00,15,4/14/2008
434,C115,Lower Mid-Market,Coimbatore,RSD3,RSD3_RSC5,2002_V2,139280.00,40,06-05-2008
346,C116,Core Mid-Market,Ranchi,RSD9,RSD9_RSC5,2005_V1,2824.00,2,4/16/2008
141,C117,Core Mid-Market,Surat,RSD4,RSD4_RSC1,2003,181038.00,39,8/22/2008
438,C118,Education,Ahmedabad,RSD5,RSD5_RSC5,2008,66867.00,31,6/15/2008
248,C109,Government,Jaipur,RSD3,RSD3_RSC4,2006,51842.00,23,4/25/2008
310,C119,Upper Mid-Market,Tirupathi,RSD2,RSD2_RSC2,2005_V1,93124.00,31,10/26/2008
336,C120,Upper Mid-Market,Udupi,RSD7,RSD7_RSC5,2008,5824.00,2,9/15/2008
217,C121,Lower Mid-Market,Vadodara,RSD3,RSD3_RSC1,2003,20406.00,19,2/26/2008
228,C122,Core Mid-Market,Varanasi,RSD2,RSD2_RSC1,2003,16670.00,10,7/20/2008
333,C123,Government,Nagpur,RSD5,RSD5_RSC1,2004,71094.00,41,4/22/2008
164,C124,Education,Chennai,RSD2,RSD2_RSC1,2004,30006.00,18,9/25/2008
414,C125,Core Mid-Market,Bangalore,RSD3,RSD3_RSC3,2002_V2,69771.00,39,04-07-2008
421,C126,Core Mid-Market,Indore,RSD7,RSD7_RSC1,2005_V1,20958.00,6,11/21/2008
302,C127,Education,Noida,RSD1,RSD1_RSC4,2004,13640.00,8,4/15/2008
394,C128,Core Mid-Market,Kolkata,RSD5,RSD5_RSC5,2008,6471.00,3,08-05-2008
399,C129,Upper Mid-Market,Coimbatore,RSD2,RSD2_RSC2,2003,57076.00,19,2/21/2008
159,C7,Upper Mid-Market,Delhi,RSD7,RSD7_RSC3,2005_V1,40728.00,12,11/28/2008
401,C56,Core Mid-Market,Delhi,RSD5,RSD5_RSC1,2005_V1,15606.00,9,11/16/2008
421,C126,Core Mid-Market,Indore,RSD1,RSD1_RSC1,2004,30650.00,50,3/31/2008
363,C130,Lower Mid-Market,Ranchi,RSD5,RSD5_RSC2,2002_V1,17402.00,7,7/20/2008
366,C131,Lower Mid-Market,Pune,RSD7,RSD7_RSC3,2002_V1,105214.00,31,3/30/2008
222,C6,Upper Mid-Market,Bangalore,RSD6,RSD6_RSC2,2003,10184.00,19,5/26/2008
391,C132,Upper Mid-Market,Surat,RSD3,RSD3_RSC4,2005_V2,65366.00,29,07-03-2008
163,C133,Core Mid-Market,Ranchi,RSD1,RSD1_RSC2,2003,13120.00,10,12/19/2008
165,C134,Education,Ahmedabad,RSD1,RSD1_RSC4,2002_V1,71610.00,42,12-01-2008
275,C135,Education,Tirupathi,RSD1,RSD1_RSC5,2005_V2,3816.00,4,1/20/2008
316,C136,Government,Kolkata,RSD4,RSD4_RSC2,2002_V1,12784.00,4,4/20/2008
141,C117,Core Mid-Market,Surat,RSD8,RSD8_RSC3,2008,50064.00,42,10/28/2008
131,C137,Upper Mid-Market,Vadodara,RSD4,RSD4_RSC5,2004,86066.00,46,3/27/2008
312,C138,Lower Mid-Market,Udupi,RSD8,RSD8_RSC2,2008,57005.00,13,04-12-2008
181,C139,Government,Vadodara,RSD10,RSD10_RSC4,2008,65032.00,44,9/27/2008
112,C140,Lower Mid-Market,Pune,RSD5,RSD5_RSC3,2004,142476.00,31,5/22/2008
315,C141,Lower Mid-Market,Pune,RSD10,RSD10_RSC3,2006,31444.00,28,4/28/2008
487,C97,Upper Mid-Market,Vadodara,RSD7,RSD7_RSC2,2005_V2,23994.00,31,7/28/2008
368,C142,Core Mid-Market,Bangalore,RSD5,RSD5_RSC4,2005_V2,7716.00,3,10/17/2008
439,C143,Education,Hyderabad,RSD8,RSD8_RSC5,2002_V2,153864.00,36,6/20/2008
313,C144,Education,Belgaum,RSD6,RSD6_RSC5,2003,58250.00,25,09-12-2008
437,C112,Upper Mid-Market,Nagpur,RSD1,RSD1_RSC5,2002_V2,10494.00,11,5/17/2008
374,C45,Education,Cochin,RSD10,RSD10_RSC1,2002_V1,12415.00,5,7/17/2008
386,C145,Education,Delhi,RSD8,RSD8_RSC4,2005_V1,58029.00,29,2/14/2008
463,C146,Government,Coimbatore,RSD8,RSD8_RSC5,2005_V1,209426.00,49,5/20/2008
118,C147,Upper Mid-Market,Delhi,RSD9,RSD9_RSC5,2005_V1,53656.00,38,11-12-2008
251,C148,Lower Mid-Market,Cochin,RSD3,RSD3_RSC5,2003,139280.00,40,7/15/2008
308,C149,Core Mid-Market,Ranchi,RSD8,RSD8_RSC1,2008,42812.00,14,6/20/2008
364,C150,Education,Pune,RSD1,RSD1_RSC1,2005_V2,8582.00,14,11-03-2008
237,C151,Government,Kolkata,RSD9,RSD9_RSC5,2002_V1,32476.00,23,11/16/2008
225,C152,Government,Mumbai,RSD9,RSD9_RSC4,2008,114530.00,26,11/13/2008
224,C55,Upper Mid-Market,Varanasi,RSD4,RSD4_RSC4,2006,80472.00,28,12-10-2008
469,C153,Government,Mumbai,RSD9,RSD9_RSC5,2006,14120.00,10,6/21/2008
409,C154,Government,Mumbai,RSD9,RSD9_RSC2,2002_V1,15564.00,6,4/17/2008
101,C155,Lower Mid-Market,Mumbai,RSD1,RSD1_RSC2,2003,36736.00,28,08-12-2008
291,C156,Education,Mumbai,RSD4,RSD4_RSC3,2005_V2,158515.00,35,04-03-2008
390,C157,Government,Belgaum,RSD9,RSD9_RSC1,2005_V2,9308.00,13,6/22/2008
236,C158,Lower Mid-Market,Varanasi,RSD8,RSD8_RSC4,2004,36018.00,18,04-02-2008
395,C159,Upper Mid-Market,Delhi,RSD6,RSD6_RSC4,2004,121828.00,38,1/19/2008
348,C160,Education,Delhi,RSD10,RSD10_RSC2,2003,36450.00,15,02-07-2008
154,C161,Lower Mid-Market,Bangalore,RSD7,RSD7_RSC1,2002_V2,164171.00,47,11/24/2008
429,C162,Lower Mid-Market,Surat,RSD6,RSD6_RSC4,2005_V2,35266.00,11,10/16/2008
274,C108,Government,Hyderabad,RSD2,RSD2_RSC1,2002_V2,20004.00,12,8/16/2008
127,C163,Upper Mid-Market,Delhi,RSD6,RSD6_RSC3,2006,189840.00,42,5/19/2008
339,C38,Core Mid-Market,Pune,RSD4,RSD4_RSC1,2002_V2,153186.00,33,05-02-2008
462,C164,Core Mid-Market,Cochin,RSD1,RSD1_RSC4,2005_V2,61380.00,36,7/20/2008
398,C51,Lower Mid-Market,Mumbai,RSD1,RSD1_RSC5,2004,12402.00,13,4/18/2008
277,C165,Education,Pune,RSD5,RSD5_RSC1,2008,67626.00,39,7/27/2008
470,C166,Education,Cochin,RSD5,RSD5_RSC4,2005_V1,82304.00,32,7/18/2008
240,C167,Government,Belgaum,RSD1,RSD1_RSC5,2005_V2,9540.00,10,10/13/2008
336,C120,Upper Mid-Market,Udupi,RSD3,RSD3_RSC2,2002_V2,140942.00,38,04-11-2008
136,C168,Upper Mid-Market,Vadodara,RSD1,RSD1_RSC3,2002_V1,74256.00,26,04-12-2008
488,C169,Lower Mid-Market,Coimbatore,RSD6,RSD6_RSC3,2004,126560.00,28,01-09-2008
415,C170,Government,Nagpur,RSD2,RSD2_RSC2,2003,123164.00,41,6/28/2008
293,C171,Lower Mid-Market,Mumbai,RSD10,RSD10_RSC1,2004,69524.00,28,11/20/2008
194,C31,Core Mid-Market,Ahmedabad,RSD5,RSD5_RSC2,2005_V1,7458.00,3,12/24/2008
364,C150,Education,Pune,RSD4,RSD4_RSC1,2005_V2,153186.00,33,3/23/2008
490,C172,Lower Mid-Market,Mysore,RSD1,RSD1_RSC1,2002_V1,15325.00,25,4/19/2008
412,C173,Core Mid-Market,Bangalore,RSD3,RSD3_RSC5,2005_V1,104460.00,30,11-04-2008
388,C174,Education,Nagpur,RSD7,RSD7_RSC3,2002_V1,57698.00,17,1/23/2008
351,C175,Education,Chennai,RSD3,RSD3_RSC2,2002_V1,37090.00,10,11-09-2008
361,C26,Upper Mid-Market,Coimbatore,RSD5,RSD5_RSC3,2002_V2,137880.00,30,12-10-2008
348,C160,Education,Delhi,RSD1,RSD1_RSC2,2008,59040.00,45,11/29/2008
140,C32,Education,Tirupathi,RSD2,RSD2_RSC3,2005_V2,34055.00,7,07-09-2008
195,C70,Lower Mid-Market,Delhi,RSD5,RSD5_RSC3,2003,147072.00,32,11/13/2008
122,C176,Education,Bangalore,RSD5,RSD5_RSC2,2004,96954.00,39,10/30/2008
105,C50,Government,Mumbai,RSD5,RSD5_RSC5,2005_V1,10785.00,5,6/19/2008
452,C177,Government,Indore,RSD10,RSD10_RSC5,2003,64380.00,30,7/22/2008
295,C178,Upper Mid-Market,Noida,RSD7,RSD7_RSC1,2005_V2,83832.00,24,7/19/2008
105,C50,Government,Mumbai,RSD3,RSD3_RSC4,2002_V2,47334.00,21,03-02-2008
439,C143,Education,Hyderabad,RSD4,RSD4_RSC1,2006,167112.00,36,5/26/2008
156,C179,Lower Mid-Market,Kolkata,RSD1,RSD1_RSC3,2005_V1,102816.00,36,11-02-2008
159,C7,Upper Mid-Market,Delhi,RSD1,RSD1_RSC1,2004,25746.00,42,8/20/2008
243,C41,Government,Belgaum,RSD9,RSD9_RSC2,2005_V1,98572.00,38,09-03-2008
175,C180,Core Mid-Market,Coimbatore,RSD9,RSD9_RSC1,2003,15752.00,22,02-07-2008
339,C38,Core Mid-Market,Pune,RSD6,RSD6_RSC4,2004,118622.00,37,3/16/2008
293,C171,Lower Mid-Market,Mumbai,RSD8,RSD8_RSC5,2006,68384.00,16,08-01-2008
255,C181,Education,Ranchi,RSD2,RSD2_RSC2,2002_V2,57076.00,19,8/26/2008
292,C22,Core Mid-Market,Bangalore,RSD6,RSD6_RSC4,2005_V2,137858.00,43,7/18/2008
254,C182,Government,Pune,RSD8,RSD8_RSC4,2002_V2,78039.00,39,8/30/2008
338,C183,Government,Surat,RSD5,RSD5_RSC2,2002_V1,34804.00,14,03-10-2008
121,C18,Government,Jharkand,RSD9,RSD9_RSC1,2005_V1,19332.00,27,7/24/2008
270,C3,Education,Kolkata,RSD6,RSD6_RSC4,2008,89768.00,28,5/30/2008
371,C184,Government,Ranchi,RSD8,RSD8_RSC5,2006,76932.00,18,01-06-2008
238,C185,Government,Ahmedabad,RSD4,RSD4_RSC4,2006,80472.00,28,9/27/2008
311,C186,Lower Mid-Market,Tirupathi,RSD5,RSD5_RSC2,2006,79552.00,32,6/21/2008
245,C187,Education,Kolkata,RSD6,RSD6_RSC2,2004,26264.00,49,09-09-2008
138,C188,Government,Vadodara,RSD1,RSD1_RSC4,2003,30690.00,18,10/18/2008
354,C189,Lower Mid-Market,Udupi,RSD9,RSD9_RSC2,2003,25940.00,10,01-06-2008
202,C190,Upper Mid-Market,Vadodara,RSD3,RSD3_RSC2,2005_V1,14836.00,4,6/27/2008
125,C102,Government,Mumbai,RSD4,RSD4_RSC2,2006,83096.00,26,12-08-2008
499,C191,Education,Pune,RSD4,RSD4_RSC5,2006,41162.00,22,4/27/2008
108,C192,Government,Pune,RSD6,RSD6_RSC1,2008,30408.00,7,9/15/2008
363,C130,Lower Mid-Market,Ranchi,RSD6,RSD6_RSC2,2006,25192.00,47,01-05-2008
416,C193,Lower Mid-Market,Bangalore,RSD3,RSD3_RSC5,2004,73122.00,21,08-08-2008
404,C194,Government,Hyderabad,RSD5,RSD5_RSC4,2004,115740.00,45,7/27/2008
435,C12,Government,Cochin,RSD2,RSD2_RSC2,2004,129172.00,43,6/22/2008
160,C23,Education,Indore,RSD4,RSD4_RSC4,2004,89094.00,31,08-01-2008
473,C9,Government,Mumbai,RSD1,RSD1_RSC5,2002_V1,1908.00,2,01-01-2008
271,C60,Government,Pune,RSD1,RSD1_RSC5,2003,30528.00,32,11-03-2008
244,C195,Lower Mid-Market,Belgaum,RSD10,RSD10_RSC1,2004,76973.00,31,12/13/2008
212,C25,Government,Kolkata,RSD6,RSD6_RSC1,2006,65160.00,15,8/30/2008
446,C196,Lower Mid-Market,Delhi,RSD2,RSD2_RSC5,2002_V2,55718.00,13,10/20/2008
282,C197,Upper Mid-Market,Coimbatore,RSD6,RSD6_RSC1,2005_V1,30408.00,7,08-08-2008
186,C198,Core Mid-Market,Delhi,RSD4,RSD4_RSC4,2005_V2,103464.00,36,02-06-2008
357,C199,Lower Mid-Market,Cochin,RSD5,RSD5_RSC5,2002_V2,36669.00,17,04-02-2008
212,C25,Government,Kolkata,RSD6,RSD6_RSC5,2002_V1,6990.00,3,1/14/2008
168,C94,Government,Delhi,RSD4,RSD4_RSC5,2005_V2,11226.00,6,2/19/2008
409,C154,Government,Mumbai,RSD2,RSD2_RSC3,2004,218925.00,45,9/27/2008
113,C200,Upper Mid-Market,Ranchi,RSD3,RSD3_RSC4,2005_V2,60858.00,27,2/15/2008
396,C201,Government,Pune,RSD1,RSD1_RSC5,2005_V1,38160.00,40,12/20/2008
386,C145,Education,Delhi,RSD2,RSD2_RSC3,2005_V2,77840.00,16,1/14/2008
204,C202,Government,Kolkata,RSD7,RSD7_RSC2,2002_V1,9288.00,12,4/19/2008
301,C203,Upper Mid-Market,Mumbai,RSD7,RSD7_RSC2,2002_V2,38700.00,50,3/14/2008
113,C200,Upper Mid-Market,Ranchi,RSD4,RSD4_RSC1,2004,83556.00,18,4/18/2008
302,C127,Education,Noida,RSD10,RSD10_RSC2,2002_V2,63180.00,26,4/13/2008
449,C204,Upper Mid-Market,Mumbai,RSD1,RSD1_RSC2,2002_V2,9184.00,7,1/27/2008
385,C54,Lower Mid-Market,Belgaum,RSD8,RSD8_RSC3,2006,56024.00,47,06-01-2008
488,C169,Lower Mid-Market,Coimbatore,RSD2,RSD2_RSC2,2005_V2,45060.00,15,07-06-2008
259,C205,Education,Mumbai,RSD4,RSD4_RSC1,2002_V2,18568.00,4,05-09-2008
374,C45,Education,Cochin,RSD9,RSD9_RSC3,2004,39675.00,25,12-04-2008
473,C9,Government,Mumbai,RSD1,RSD1_RSC2,2006,64288.00,49,03-08-2008
114,C206,Government,Mumbai,RSD4,RSD4_RSC4,2006,22992.00,8,10/13/2008
399,C129,Upper Mid-Market,Coimbatore,RSD5,RSD5_RSC4,2008,33436.00,13,06-09-2008
281,C207,Core Mid-Market,Mumbai,RSD8,RSD8_RSC2,2003,43850.00,10,6/25/2008
367,C208,Government,Belgaum,RSD4,RSD4_RSC2,2006,105468.00,33,4/26/2008
433,C209,Education,Varanasi,RSD5,RSD5_RSC3,2002_V1,142476.00,31,09-10-2008
310,C119,Upper Mid-Market,Tirupathi,RSD2,RSD2_RSC2,2004,141188.00,47,6/17/2008
181,C139,Government,Vadodara,RSD7,RSD7_RSC3,2005_V1,101820.00,30,8/24/2008
111,C81,Government,Jharkand,RSD4,RSD4_RSC4,2008,77598.00,27,09-05-2008
151,C210,Lower Mid-Market,Delhi,RSD6,RSD6_RSC4,2002_V1,25648.00,8,04-02-2008
459,C211,Upper Mid-Market,Delhi,RSD2,RSD2_RSC4,2003,66881.00,47,11/28/2008
484,C212,Lower Mid-Market,Bangalore,RSD1,RSD1_RSC5,2005_V2,33390.00,35,9/13/2008
370,C114,Government,Noida,RSD4,RSD4_RSC1,2002_V2,181038.00,39,12/27/2008
253,C213,Core Mid-Market,Surat,RSD7,RSD7_RSC4,2005_V1,101360.00,28,10/28/2008
259,C205,Education,Mumbai,RSD3,RSD3_RSC3,2006,51881.00,29,05-08-2008
362,C214,Government,Nagpur,RSD5,RSD5_RSC2,2005_V2,64636.00,26,1/28/2008
472,C73,Lower Mid-Market,Kolkata,RSD5,RSD5_RSC2,2002_V1,42262.00,17,1/28/2008
452,C177,Government,Indore,RSD8,RSD8_RSC5,2005_V1,81206.00,19,9/18/2008
153,C215,Lower Mid-Market,Chennai,RSD8,RSD8_RSC1,2003,107030.00,35,02-07-2008
395,C159,Upper Mid-Market,Delhi,RSD7,RSD7_RSC5,2003,142688.00,49,11/24/2008
399,C129,Upper Mid-Market,Coimbatore,RSD3,RSD3_RSC2,2004,126106.00,34,04-08-2008
390,C157,Government,Belgaum,RSD7,RSD7_RSC2,2008,13932.00,18,7/29/2008
388,C174,Education,Nagpur,RSD9,RSD9_RSC3,2003,60306.00,38,04-08-2008
107,C216,Upper Mid-Market,Bangalore,RSD7,RSD7_RSC3,2005_V2,50910.00,15,11/16/2008
138,C188,Government,Vadodara,RSD9,RSD9_RSC2,2008,129700.00,50,11/15/2008
135,C217,Education,Indore,RSD6,RSD6_RSC1,2002_V2,204168.00,47,7/26/2008
446,C196,Lower Mid-Market,Delhi,RSD7,RSD7_RSC4,2005_V1,72400.00,20,1/29/2008
315,C141,Lower Mid-Market,Pune,RSD8,RSD8_RSC1,2005_V1,39754.00,13,4/13/2008
384,C34,Education,Vadodara,RSD7,RSD7_RSC2,2002_V2,30960.00,40,8/26/2008
157,C218,Government,Noida,RSD4,RSD4_RSC4,2003,106338.00,37,11/26/2008
373,C33,Education,Kolkata,RSD9,RSD9_RSC3,2004,73002.00,46,02-06-2008
151,C210,Lower Mid-Market,Delhi,RSD10,RSD10_RSC5,2004,98716.00,46,9/21/2008
169,C96,Upper Mid-Market,Udupi,RSD4,RSD4_RSC4,2004,140826.00,49,10-05-2008
261,C91,Lower Mid-Market,Mangalore,RSD8,RSD8_RSC5,2003,4274.00,1,7/22/2008
149,C10,Lower Mid-Market,Kolkata,RSD9,RSD9_RSC1,2005_V1,1432.00,2,11/23/2008
496,C219,Core Mid-Market,Kolkata,RSD5,RSD5_RSC4,2008,41152.00,16,6/23/2008
319,C220,Upper Mid-Market,Coimbatore,RSD7,RSD7_RSC1,2005_V1,150199.00,43,07-07-2008
251,C148,Lower Mid-Market,Cochin,RSD4,RSD4_RSC3,2005_V2,194747.00,43,12-11-2008
208,C221,Upper Mid-Market,Ranchi,RSD1,RSD1_RSC2,2004,18368.00,14,10/14/2008
399,C129,Upper Mid-Market,Coimbatore,RSD2,RSD2_RSC2,2002_V2,60080.00,20,12-09-2008
173,C222,Education,Pune,RSD2,RSD2_RSC1,2008,66680.00,40,4/19/2008
346,C116,Core Mid-Market,Ranchi,RSD9,RSD9_RSC4,2005_V1,52860.00,12,05-09-2008
330,C223,Government,Surat,RSD1,RSD1_RSC5,2002_V1,14310.00,15,11/16/2008
264,C224,Lower Mid-Market,Ranchi,RSD4,RSD4_RSC3,2002_V1,208334.00,46,8/15/2008
133,C225,Education,Ahmedabad,RSD8,RSD8_RSC3,2003,26224.00,22,9/21/2008
144,C226,Government,Tirupathi,RSD7,RSD7_RSC5,2006,58240.00,20,09-12-2008
433,C209,Education,Varanasi,RSD4,RSD4_RSC3,2006,167573.00,37,03-08-2008
341,C227,Lower Mid-Market,Kolkata,RSD10,RSD10_RSC1,2004,22347.00,9,07-03-2008
355,C49,Education,Mumbai,RSD6,RSD6_RSC3,2002_V2,108480.00,24,2/24/2008
401,C56,Core Mid-Market,Delhi,RSD7,RSD7_RSC5,2004,104832.00,36,10/16/2008
404,C194,Government,Hyderabad,RSD8,RSD8_RSC4,2005_V1,64032.00,32,11/20/2008
342,C228,Upper Mid-Market,Vadodara,RSD1,RSD1_RSC3,2005_V2,99960.00,35,07-03-2008
206,C229,Education,Udupi,RSD5,RSD5_RSC1,2006,50286.00,29,3/19/2008
473,C9,Government,Mumbai,RSD6,RSD6_RSC4,2002_V1,25648.00,8,01-09-2008
405,C230,Government,Vadodara,RSD2,RSD2_RSC2,2004,45060.00,15,08-08-2008
321,C231,Lower Mid-Market,Pune,RSD3,RSD3_RSC1,2003,46182.00,43,3/30/2008
202,C190,Upper Mid-Market,Vadodara,RSD10,RSD10_RSC2,2002_V2,114210.00,47,9/17/2008
448,C232,Government,Pune,RSD5,RSD5_RSC1,2002_V2,17340.00,10,9/21/2008
305,C233,Lower Mid-Market,Bangalore,RSD10,RSD10_RSC1,2002_V1,39728.00,16,07-12-2008
319,C220,Upper Mid-Market,Coimbatore,RSD3,RSD3_RSC2,2002_V2,137233.00,37,7/25/2008
485,C234,Upper Mid-Market,Hyderabad,RSD3,RSD3_RSC5,2005_V1,97496.00,28,12/26/2008
371,C184,Government,Ranchi,RSD3,RSD3_RSC5,2005_V2,167136.00,48,03-10-2008
461,C235,Education,Belgaum,RSD6,RSD6_RSC1,2002_V2,30408.00,7,01-10-2008
500,C236,Government,Delhi,RSD8,RSD8_RSC4,2006,10005.00,5,02-09-2008
480,C237,Core Mid-Market,Coimbatore,RSD3,RSD3_RSC1,2005_V2,33294.00,31,02-05-2008
326,C238,Upper Mid-Market,Delhi,RSD10,RSD10_RSC5,2005_V1,66526.00,31,03-04-2008
453,C239,Upper Mid-Market,Cochin,RSD8,RSD8_RSC5,2005_V2,205152.00,48,12-10-2008
468,C240,Education,Ranchi,RSD7,RSD7_RSC4,2004,18100.00,5,4/16/2008
354,C189,Lower Mid-Market,Udupi,RSD1,RSD1_RSC2,2002_V1,47232.00,36,8/26/2008
463,C146,Government,Coimbatore,RSD8,RSD8_RSC3,2005_V2,29800.00,25,09-05-2008
318,C71,Core Mid-Market,Delhi,RSD1,RSD1_RSC3,2003,119952.00,42,10/25/2008
438,C118,Education,Ahmedabad,RSD6,RSD6_RSC4,2005_V1,41678.00,13,2/28/2008
302,C127,Education,Noida,RSD1,RSD1_RSC5,2002_V1,8586.00,9,12/18/2008
469,C153,Government,Mumbai,RSD8,RSD8_RSC2,2006,162245.00,37,8/13/2008
266,C241,Government,Pune,RSD5,RSD5_RSC5,2002_V2,2157.00,1,10-09-2008
205,C242,Government,Kolkata,RSD5,RSD5_RSC2,2003,106898.00,43,10/25/2008
472,C73,Lower Mid-Market,Kolkata,RSD5,RSD5_RSC5,2003,47454.00,22,9/17/2008
398,C51,Lower Mid-Market,Mumbai,RSD3,RSD3_RSC5,2002_V2,34820.00,10,2/18/2008
127,C163,Upper Mid-Market,Delhi,RSD6,RSD6_RSC3,2006,171760.00,38,10/31/2008
208,C221,Upper Mid-Market,Ranchi,RSD5,RSD5_RSC1,2005_V1,64158.00,37,6/19/2008
278,C243,Lower Mid-Market,Mumbai,RSD2,RSD2_RSC4,2002_V1,22768.00,16,11-05-2008
281,C207,Core Mid-Market,Mumbai,RSD3,RSD3_RSC2,2002_V1,40799.00,11,04-01-2008
248,C109,Government,Jaipur,RSD7,RSD7_RSC2,2002_V1,22446.00,29,11/19/2008
428,C90,Government,Bangalore,RSD3,RSD3_RSC4,2006,6762.00,3,6/23/2008
115,C244,Government,Mumbai,RSD4,RSD4_RSC2,2006,60724.00,19,4/21/2008
482,C245,Lower Mid-Market,Mumbai,RSD4,RSD4_RSC5,2003,43033.00,23,07-04-2008
388,C174,Education,Nagpur,RSD10,RSD10_RSC1,2005_V1,91871.00,37,09-01-2008
122,C176,Education,Bangalore,RSD1,RSD1_RSC4,2004,34100.00,20,10/20/2008
131,C137,Upper Mid-Market,Vadodara,RSD9,RSD9_RSC3,2005_V1,68241.00,43,05-05-2008
142,C61,Upper Mid-Market,Chennai,RSD8,RSD8_RSC3,2003,54832.00,46,8/18/2008
238,C185,Government,Ahmedabad,RSD1,RSD1_RSC5,2002_V1,4770.00,5,7/22/2008
324,C100,Lower Mid-Market,Bangalore,RSD8,RSD8_RSC3,2008,20264.00,17,9/22/2008
241,C89,Lower Mid-Market,Bangalore,RSD5,RSD5_RSC2,2008,54692.00,22,5/29/2008
125,C102,Government,Mumbai,RSD8,RSD8_RSC3,2005_V1,42912.00,36,4/19/2008
152,C246,Lower Mid-Market,Mumbai,RSD7,RSD7_RSC3,2005_V1,95032.00,28,1/21/2008
427,C62,Upper Mid-Market,Jaipur,RSD1,RSD1_RSC4,2005_V2,44330.00,26,05-07-2008
469,C153,Government,Mumbai,RSD7,RSD7_RSC4,2004,144800.00,40,3/14/2008
308,C149,Core Mid-Market,Ranchi,RSD4,RSD4_RSC5,2005_V2,86066.00,46,7/17/2008
356,C247,Upper Mid-Market,Mumbai,RSD7,RSD7_RSC3,2004,23758.00,7,8/22/2008
478,C248,Core Mid-Market,Belgaum,RSD2,RSD2_RSC1,2006,80016.00,48,9/21/2008
352,C249,Lower Mid-Market,Varanasi,RSD8,RSD8_RSC1,2003,12232.00,4,9/22/2008
303,C103,Lower Mid-Market,Kolkata,RSD6,RSD6_RSC1,2006,108600.00,25,5/20/2008
245,C187,Education,Kolkata,RSD6,RSD6_RSC4,2005_V2,76944.00,24,8/20/2008
186,C198,Core Mid-Market,Delhi,RSD9,RSD9_RSC2,2005_V1,10376.00,4,4/27/2008
101,C155,Lower Mid-Market,Mumbai,RSD3,RSD3_RSC1,2008,11814.00,11,12/25/2008
379,C93,Education,Mumbai,RSD6,RSD6_RSC3,2008,31640.00,7,1/28/2008
300,C250,Upper Mid-Market,Delhi,RSD4,RSD4_RSC1,2002_V2,134618.00,29,06-10-2008
309,C251,Government,Delhi,RSD3,RSD3_RSC3,2003,53670.00,30,5/28/2008
355,C49,Education,Mumbai,RSD10,RSD10_RSC5,2005_V2,100862.00,47,07-04-2008
366,C131,Lower Mid-Market,Pune,RSD1,RSD1_RSC3,2002_V1,125664.00,44,03-10-2008
257,C252,Government,Bangalore,RSD1,RSD1_RSC2,2002_V2,36736.00,28,11/13/2008
321,C231,Lower Mid-Market,Pune,RSD6,RSD6_RSC2,2008,6968.00,13,8/30/2008
337,C253,Upper Mid-Market,Surat,RSD2,RSD2_RSC4,2003,69727.00,49,06-03-2008
184,C254,Upper Mid-Market,Pune,RSD4,RSD4_RSC1,2005_V1,176396.00,38,9/13/2008
320,C255,Education,Belgaum,RSD9,RSD9_RSC3,2005_V1,19044.00,12,10/22/2008
116,C68,Lower Mid-Market,Chennai,RSD3,RSD3_RSC4,2005_V1,87906.00,39,05-08-2008
313,C144,Education,Belgaum,RSD5,RSD5_RSC4,2004,38580.00,15,12/25/2008
197,C256,Government,Bangalore,RSD4,RSD4_RSC1,2008,74272.00,16,12/30/2008
333,C123,Government,Nagpur,RSD10,RSD10_RSC2,2005_V2,31590.00,13,6/17/2008
203,C257,Core Mid-Market,Chennai,RSD9,RSD9_RSC5,2002_V2,36712.00,26,03-07-2008
188,C258,Government,Bangalore,RSD9,RSD9_RSC1,2004,34368.00,48,5/18/2008
164,C124,Education,Chennai,RSD8,RSD8_RSC4,2008,58029.00,29,8/20/2008
404,C194,Government,Hyderabad,RSD8,RSD8_RSC1,2002_V2,6116.00,2,11-02-2008
369,C259,Education,Delhi,RSD3,RSD3_RSC1,2006,32220.00,30,10-12-2008
272,C260,Lower Mid-Market,Mumbai,RSD5,RSD5_RSC5,2006,103536.00,48,10/18/2008
153,C215,Lower Mid-Market,Chennai,RSD6,RSD6_RSC5,2002_V2,107180.00,46,12-06-2008
295,C178,Upper Mid-Market,Noida,RSD10,RSD10_RSC3,2002_V1,56150.00,50,5/27/2008
345,C261,Upper Mid-Market,Kolkata,RSD10,RSD10_RSC4,2008,19214.00,13,09-06-2008
120,C106,Government,Belgaum,RSD8,RSD8_RSC5,2005_V2,183782.00,43,11-03-2008
105,C50,Government,Mumbai,RSD10,RSD10_RSC4,2005_V2,32516.00,22,4/27/2008
248,C109,Government,Jaipur,RSD2,RSD2_RSC5,2008,72862.00,17,9/13/2008
105,C50,Government,Mumbai,RSD1,RSD1_RSC2,2006,40672.00,31,07-03-2008
112,C140,Lower Mid-Market,Pune,RSD2,RSD2_RSC1,2008,68347.00,41,5/30/2008
486,C48,Upper Mid-Market,Kolkata,RSD10,RSD10_RSC5,2004,36482.00,17,04-01-2008
453,C239,Upper Mid-Market,Cochin,RSD1,RSD1_RSC2,2002_V2,10496.00,8,01-03-2008
477,C262,Lower Mid-Market,Cochin,RSD6,RSD6_RSC1,2002_V1,178104.00,41,07-11-2008
487,C97,Upper Mid-Market,Vadodara,RSD8,RSD8_RSC5,2008,200878.00,47,1/31/2008
101,C155,Lower Mid-Market,Mumbai,RSD8,RSD8_RSC3,2008,2384.00,2,2/20/2008
239,C263,Core Mid-Market,Pune,RSD10,RSD10_RSC2,2005_V1,82620.00,34,08-11-2008
100,C264,Government,Belgaum,RSD7,RSD7_RSC2,2005_V2,15480.00,20,4/26/2008
196,C65,Core Mid-Market,Delhi,RSD5,RSD5_RSC5,2005_V2,94908.00,44,8/15/2008
207,C265,Lower Mid-Market,Mysore,RSD10,RSD10_RSC1,2002_V1,62075.00,25,12-08-2008
415,C170,Government,Nagpur,RSD7,RSD7_RSC2,2003,30960.00,40,9/18/2008
315,C141,Lower Mid-Market,Pune,RSD5,RSD5_RSC2,2008,77066.00,31,8/31/2008
329,C266,Upper Mid-Market,Hyderabad,RSD7,RSD7_RSC4,2006,36200.00,10,4/18/2008
414,C125,Core Mid-Market,Bangalore,RSD1,RSD1_RSC5,2003,41022.00,43,01-03-2008
448,C232,Government,Pune,RSD2,RSD2_RSC4,2002_V1,8538.00,6,10/16/2008
240,C167,Government,Belgaum,RSD1,RSD1_RSC3,2002_V1,111384.00,39,8/29/2008
447,C267,Education,Jaipur,RSD10,RSD10_RSC2,2003,12150.00,5,3/20/2008
101,C155,Lower Mid-Market,Mumbai,RSD4,RSD4_RSC5,2005_V2,71098.00,38,06-07-2008
208,C221,Upper Mid-Market,Ranchi,RSD7,RSD7_RSC4,2003,90500.00,25,11-03-2008
139,C268,Government,Jharkand,RSD10,RSD10_RSC3,2002_V2,46043.00,41,10/29/2008
252,C69,Upper Mid-Market,Bangalore,RSD10,RSD10_RSC5,2006,105154.00,49,6/26/2008
387,C269,Core Mid-Market,Mangalore,RSD4,RSD4_RSC4,2002_V2,120708.00,42,06-05-2008
355,C49,Education,Mumbai,RSD9,RSD9_RSC3,2005_V1,50784.00,32,05-06-2008
142,C61,Upper Mid-Market,Chennai,RSD7,RSD7_RSC4,2003,159280.00,44,7/23/2008
350,C270,Upper Mid-Market,Nagpur,RSD5,RSD5_RSC3,2006,73536.00,16,11-04-2008
294,C47,Lower Mid-Market,Pune,RSD7,RSD7_RSC3,2004,30546.00,9,7/25/2008
476,C107,Lower Mid-Market,Mysore,RSD2,RSD2_RSC5,2002_V1,12858.00,3,2/15/2008
361,C26,Upper Mid-Market,Coimbatore,RSD1,RSD1_RSC5,2005_V1,44838.00,47,12-01-2008
184,C254,Upper Mid-Market,Pune,RSD7,RSD7_RSC3,2002_V2,47516.00,14,9/25/2008
117,C104,Upper Mid-Market,Cochin,RSD4,RSD4_RSC3,2002_V2,9058.00,2,2/21/2008
100,C264,Government,Belgaum,RSD6,RSD6_RSC3,2002_V2,131080.00,29,09-03-2008
420,C271,Upper Mid-Market,Indore,RSD4,RSD4_RSC5,2002_V2,28065.00,15,10/21/2008
407,C272,Education,Noida,RSD4,RSD4_RSC3,2006,104167.00,23,4/18/2008
342,C228,Upper Mid-Market,Vadodara,RSD8,RSD8_RSC3,2005_V1,53640.00,45,12/21/2008
468,C240,Education,Ranchi,RSD4,RSD4_RSC5,2004,89808.00,48,1/20/2008
449,C204,Upper Mid-Market,Mumbai,RSD7,RSD7_RSC1,2006,87325.00,25,09-04-2008
195,C70,Lower Mid-Market,Delhi,RSD9,RSD9_RSC5,2002_V2,36712.00,26,3/19/2008
146,C273,Government,Coimbatore,RSD2,RSD2_RSC4,2005_V2,39844.00,28,4/23/2008
190,C274,Lower Mid-Market,Ranchi,RSD10,RSD10_RSC3,2003,14599.00,13,1/31/2008
419,C2,Upper Mid-Market,Delhi,RSD1,RSD1_RSC5,2005_V1,43884.00,46,6/18/2008
206,C229,Education,Udupi,RSD10,RSD10_RSC3,2005_V1,39305.00,35,11-04-2008
226,C88,Government,Bangalore,RSD10,RSD10_RSC3,2004,47166.00,42,09-04-2008
218,C42,Government,Delhi,RSD10,RSD10_RSC3,2005_V1,46043.00,41,11/18/2008
454,C111,Core Mid-Market,Mangalore,RSD3,RSD3_RSC4,2004,29302.00,13,4/26/2008
191,C275,Education,Surat,RSD7,RSD7_RSC4,2006,126700.00,35,3/18/2008
101,C155,Lower Mid-Market,Mumbai,RSD2,RSD2_RSC4,2002_V1,71150.00,50,12/21/2008
203,C257,Core Mid-Market,Chennai,RSD9,RSD9_RSC5,2002_V1,2824.00,2,04-09-2008
236,C158,Lower Mid-Market,Varanasi,RSD6,RSD6_RSC5,2005_V1,27960.00,12,05-08-2008
278,C243,Lower Mid-Market,Mumbai,RSD4,RSD4_RSC5,2002_V1,69227.00,37,06-04-2008
254,C182,Government,Pune,RSD7,RSD7_RSC2,2004,15480.00,20,8/25/2008
127,C163,Upper Mid-Market,Delhi,RSD3,RSD3_RSC1,2006,15036.00,14,8/15/2008
358,C276,Government,Ahmedabad,RSD6,RSD6_RSC4,2004,3206.00,1,06-04-2008
256,C17,Lower Mid-Market,Jaipur,RSD9,RSD9_RSC4,2003,26430.00,6,10-07-2008
273,C277,Lower Mid-Market,Tirupathi,RSD7,RSD7_RSC2,2004,16254.00,21,10/13/2008
138,C188,Government,Vadodara,RSD2,RSD2_RSC2,2003,63084.00,21,12/14/2008
312,C138,Lower Mid-Market,Udupi,RSD10,RSD10_RSC4,2003,22170.00,15,01-03-2008
215,C278,Upper Mid-Market,Udupi,RSD3,RSD3_RSC1,2005_V2,24702.00,23,02-10-2008
296,C279,Education,Vadodara,RSD10,RSD10_RSC4,2002_V2,42862.00,29,2/16/2008
263,C82,Lower Mid-Market,Mangalore,RSD8,RSD8_RSC4,2003,66033.00,33,6/22/2008
198,C280,Government,Varanasi,RSD3,RSD3_RSC3,2008,75138.00,42,07-12-2008
123,C281,Lower Mid-Market,Varanasi,RSD7,RSD7_RSC5,2004,2912.00,1,9/28/2008
181,C139,Government,Vadodara,RSD2,RSD2_RSC2,2006,9012.00,3,2/13/2008
231,C99,Government,Chennai,RSD3,RSD3_RSC1,2006,12888.00,12,11-02-2008
372,C282,Government,Cochin,RSD7,RSD7_RSC4,2008,173760.00,48,8/26/2008
283,C283,Lower Mid-Market,Belgaum,RSD7,RSD7_RSC5,2005_V2,101920.00,35,12/30/2008
476,C107,Lower Mid-Market,Mysore,RSD8,RSD8_RSC2,2005_V2,114010.00,26,12-02-2008
418,C92,Upper Mid-Market,Cochin,RSD3,RSD3_RSC1,2006,19332.00,18,11/25/2008
325,C27,Lower Mid-Market,Ranchi,RSD7,RSD7_RSC4,2002_V2,162900.00,45,12/25/2008
472,C73,Lower Mid-Market,Kolkata,RSD10,RSD10_RSC4,2005_V2,26604.00,18,07-03-2008
353,C284,Upper Mid-Market,Mangalore,RSD3,RSD3_RSC2,2005_V2,63053.00,17,10/27/2008
233,C285,Education,Delhi,RSD7,RSD7_RSC1,2005_V2,34930.00,10,12/14/2008
321,C231,Lower Mid-Market,Pune,RSD5,RSD5_RSC4,2005_V2,5144.00,2,6/23/2008
434,C115,Lower Mid-Market,Coimbatore,RSD4,RSD4_RSC1,2008,222816.00,48,07-06-2008
464,C29,Lower Mid-Market,Surat,RSD4,RSD4_RSC1,2002_V1,23210.00,5,8/28/2008
469,C153,Government,Mumbai,RSD1,RSD1_RSC3,2008,31416.00,11,2/19/2008
212,C25,Government,Kolkata,RSD2,RSD2_RSC2,2004,150200.00,50,5/25/2008
269,C286,Government,Jaipur,RSD6,RSD6_RSC4,2003,99386.00,31,07-03-2008
443,C46,Government,Ranchi,RSD3,RSD3_RSC5,2002_V2,27856.00,8,11-09-2008
358,C276,Government,Ahmedabad,RSD4,RSD4_RSC2,2008,89488.00,28,2/26/2008
415,C170,Government,Nagpur,RSD9,RSD9_RSC3,2008,46023.00,29,12-06-2008
468,C240,Education,Ranchi,RSD4,RSD4_RSC5,2002_V1,89808.00,48,7/17/2008
472,C73,Lower Mid-Market,Kolkata,RSD1,RSD1_RSC4,2008,54560.00,32,8/18/2008
483,C287,Core Mid-Market,Chennai,RSD10,RSD10_RSC2,2005_V2,119070.00,49,3/17/2008
411,C288,Upper Mid-Market,Nagpur,RSD7,RSD7_RSC1,2005_V2,62874.00,18,8/28/2008
323,C289,Upper Mid-Market,Coimbatore,RSD7,RSD7_RSC1,2006,143213.00,41,2/13/2008
443,C46,Government,Ranchi,RSD8,RSD8_RSC2,2002_V2,118395.00,27,05-10-2008
258,C290,Education,Ranchi,RSD5,RSD5_RSC3,2006,105708.00,23,4/30/2008
353,C284,Upper Mid-Market,Mangalore,RSD5,RSD5_RSC3,2005_V1,45960.00,10,4/13/2008
408,C14,Upper Mid-Market,Mysore,RSD7,RSD7_RSC5,2002_V2,136864.00,47,11-03-2008
127,C163,Upper Mid-Market,Delhi,RSD8,RSD8_RSC2,2008,171015.00,39,04-02-2008
290,C291,Government,Surat,RSD6,RSD6_RSC1,2006,8688.00,2,3/25/2008
263,C82,Lower Mid-Market,Mangalore,RSD10,RSD10_RSC2,2008,41310.00,17,09-08-2008
485,C234,Upper Mid-Market,Hyderabad,RSD4,RSD4_RSC2,2003,108664.00,34,04-01-2008
360,C86,Upper Mid-Market,Jaipur,RSD6,RSD6_RSC2,2002_V1,20368.00,38,8/21/2008
182,C63,Education,Kolkata,RSD4,RSD4_RSC1,2002_V1,88198.00,19,11-12-2008
279,C87,Education,Pune,RSD3,RSD3_RSC2,2008,140942.00,38,12/19/2008
226,C88,Government,Bangalore,RSD2,RSD2_RSC2,2003,42056.00,14,06-12-2008
241,C89,Lower Mid-Market,Bangalore,RSD5,RSD5_RSC3,2002_V1,55152.00,12,12-12-2008
159,C7,Upper Mid-Market,Delhi,RSD4,RSD4_RSC1,2002_V2,129976.00,28,2/17/2008
428,C90,Government,Bangalore,RSD3,RSD3_RSC4,2003,112700.00,50,03-05-2008
261,C91,Lower Mid-Market,Mangalore,RSD3,RSD3_RSC3,2002_V1,62615.00,35,5/21/2008
418,C92,Upper Mid-Market,Cochin,RSD3,RSD3_RSC4,2002_V2,49588.00,22,4/18/2008
379,C93,Education,Mumbai,RSD3,RSD3_RSC4,2003,20286.00,9,12-06-2008
210,C21,Upper Mid-Market,Chennai,RSD4,RSD4_RSC4,2005_V1,129330.00,45,11-08-2008
168,C94,Government,Delhi,RSD6,RSD6_RSC2,2002_V1,21976.00,41,6/28/2008
286,C95,Core Mid-Market,Tirupathi,RSD8,RSD8_RSC5,2005_V1,68384.00,16,06-04-2008
169,C96,Upper Mid-Market,Udupi,RSD3,RSD3_RSC5,2006,10446.00,3,7/26/2008
487,C97,Upper Mid-Market,Vadodara,RSD3,RSD3_RSC1,2003,48330.00,45,11-03-2008
220,C78,Upper Mid-Market,Hyderabad,RSD5,RSD5_RSC5,2004,86280.00,40,2/24/2008
314,C98,Education,Varanasi,RSD7,RSD7_RSC4,2003,54300.00,15,12/21/2008
231,C99,Government,Chennai,RSD5,RSD5_RSC1,2002_V1,72828.00,42,4/16/2008
324,C100,Lower Mid-Market,Bangalore,RSD7,RSD7_RSC1,2002_V2,76846.00,22,1/25/2008
306,C101,Education,Delhi,RSD6,RSD6_RSC3,2005_V2,189840.00,42,10/19/2008
125,C102,Government,Mumbai,RSD6,RSD6_RSC5,2002_V2,72230.00,31,01-11-2008
318,C71,Core Mid-Market,Delhi,RSD6,RSD6_RSC4,2005_V2,19236.00,6,6/21/2008
456,C77,Core Mid-Market,Mysore,RSD3,RSD3_RSC4,2006,29302.00,13,4/18/2008
303,C103,Lower Mid-Market,Kolkata,RSD3,RSD3_RSC5,2008,55712.00,16,08-04-2008
249,C43,Government,Coimbatore,RSD8,RSD8_RSC2,2008,171015.00,39,04-08-2008
117,C104,Upper Mid-Market,Cochin,RSD4,RSD4_RSC1,2002_V1,60346.00,13,11/25/2008
280,C105,Education,Pune,RSD3,RSD3_RSC3,2002_V1,26835.00,15,02-02-2008
428,C90,Government,Bangalore,RSD6,RSD6_RSC1,2005_V2,199824.00,46,11/28/2008
120,C106,Government,Belgaum,RSD7,RSD7_RSC1,2008,164171.00,47,12-07-2008
476,C107,Lower Mid-Market,Mysore,RSD2,RSD2_RSC4,2002_V2,46959.00,33,11-08-2008
274,C108,Government,Hyderabad,RSD8,RSD8_RSC2,2003,78930.00,18,10/14/2008
248,C109,Government,Jaipur,RSD10,RSD10_RSC5,2002_V1,27898.00,13,03-11-2008
214,C110,Lower Mid-Market,Jharkand,RSD2,RSD2_RSC2,2005_V1,21028.00,7,3/27/2008
454,C111,Core Mid-Market,Mangalore,RSD6,RSD6_RSC2,2002_V1,15544.00,29,3/28/2008
160,C23,Education,Indore,RSD7,RSD7_RSC1,2006,52395.00,15,07-02-2008
194,C31,Core Mid-Market,Ahmedabad,RSD10,RSD10_RSC1,2002_V2,104286.00,42,4/30/2008
437,C112,Upper Mid-Market,Nagpur,RSD9,RSD9_RSC2,2004,59662.00,23,5/20/2008
170,C113,Education,Indore,RSD3,RSD3_RSC3,2002_V2,73349.00,41,10/18/2008
370,C114,Government,Noida,RSD8,RSD8_RSC2,2004,61390.00,14,12/13/2008
434,C115,Lower Mid-Market,Coimbatore,RSD5,RSD5_RSC2,2005_V1,91982.00,37,9/24/2008
346,C116,Core Mid-Market,Ranchi,RSD2,RSD2_RSC1,2005_V2,70014.00,42,10/19/2008
141,C117,Core Mid-Market,Surat,RSD4,RSD4_RSC5,2006,82324.00,44,9/20/2008
438,C118,Education,Ahmedabad,RSD2,RSD2_RSC1,2006,26672.00,16,8/26/2008
248,C109,Government,Jaipur,RSD1,RSD1_RSC5,2008,26712.00,28,5/23/2008
310,C119,Upper Mid-Market,Tirupathi,RSD6,RSD6_RSC2,2005_V2,2144.00,4,9/28/2008
336,C120,Upper Mid-Market,Udupi,RSD2,RSD2_RSC5,2003,30002.00,7,11/17/2008
217,C121,Lower Mid-Market,Vadodara,RSD5,RSD5_RSC3,2006,9192.00,2,1/16/2008
228,C122,Core Mid-Market,Varanasi,RSD9,RSD9_RSC1,2005_V1,25776.00,36,6/28/2008
333,C123,Government,Nagpur,RSD8,RSD8_RSC5,2008,55562.00,13,03-04-2008
164,C124,Education,Chennai,RSD1,RSD1_RSC5,2005_V2,1908.00,2,03-05-2008
414,C125,Core Mid-Market,Bangalore,RSD4,RSD4_RSC3,2003,226450.00,50,7/18/2008
249,C43,Government,Coimbatore,RSD5,RSD5_RSC2,2008,116842.00,47,10/18/2008
349,C44,Lower Mid-Market,Delhi,RSD5,RSD5_RSC1,2005_V1,67626.00,39,10/18/2008
334,C28,Government,Pune,RSD9,RSD9_RSC5,2006,60716.00,43,12/25/2008
374,C45,Education,Cochin,RSD1,RSD1_RSC5,2008,41976.00,44,5/25/2008
443,C46,Government,Ranchi,RSD2,RSD2_RSC4,2003,45536.00,32,6/24/2008
294,C47,Lower Mid-Market,Pune,RSD4,RSD4_RSC2,2008,124644.00,39,12-09-2008
486,C48,Upper Mid-Market,Kolkata,RSD5,RSD5_RSC1,2005_V2,86700.00,50,05-12-2008
355,C49,Education,Mumbai,RSD4,RSD4_RSC4,2003,5748.00,2,5/30/2008
105,C50,Government,Mumbai,RSD7,RSD7_RSC1,2006,83832.00,24,03-02-2008
398,C51,Lower Mid-Market,Mumbai,RSD5,RSD5_RSC1,2006,57222.00,33,9/25/2008
444,C52,Government,Mumbai,RSD3,RSD3_RSC5,2005_V2,146244.00,42,10/22/2008
328,C53,Lower Mid-Market,Mumbai,RSD1,RSD1_RSC1,2006,13486.00,22,8/29/2008
385,C54,Lower Mid-Market,Belgaum,RSD4,RSD4_RSC5,2002_V2,61743.00,33,7/17/2008
224,C55,Upper Mid-Market,Varanasi,RSD8,RSD8_RSC3,2005_V1,2384.00,2,5/31/2008
401,C56,Core Mid-Market,Delhi,RSD2,RSD2_RSC3,2008,111895.00,23,8/14/2008
287,C4,Government,Kolkata,RSD1,RSD1_RSC5,2008,7632.00,8,8/26/2008
167,C57,Lower Mid-Market,Delhi,RSD10,RSD10_RSC3,2005_V2,55027.00,49,09-07-2008
397,C58,Upper Mid-Market,Bangalore,RSD6,RSD6_RSC4,2005_V1,51296.00,16,11/22/2008
417,C59,Government,Surat,RSD5,RSD5_RSC4,2005_V1,123456.00,48,6/23/2008
271,C60,Government,Pune,RSD4,RSD4_RSC2,2006,124644.00,39,11/23/2008
142,C61,Upper Mid-Market,Chennai,RSD7,RSD7_RSC4,2002_V2,123080.00,34,06-03-2008
443,C46,Government,Ranchi,RSD7,RSD7_RSC1,2005_V1,118762.00,34,9/16/2008
427,C62,Upper Mid-Market,Jaipur,RSD6,RSD6_RSC2,2008,4824.00,9,09-11-2008
182,C63,Education,Kolkata,RSD8,RSD8_RSC4,2008,76038.00,38,9/28/2008
287,C4,Government,Kolkata,RSD7,RSD7_RSC5,2005_V2,90272.00,31,10/27/2008
129,C1,Lower Mid-Market,Chennai,RSD10,RSD10_RSC1,2006,44694.00,18,9/24/2008
161,C64,Government,Chennai,RSD8,RSD8_RSC1,2002_V1,48928.00,16,11-04-2008
196,C65,Core Mid-Market,Delhi,RSD2,RSD2_RSC2,2006,75100.00,25,4/26/2008
209,C66,Government,Kolkata,RSD5,RSD5_RSC3,2004,55152.00,12,11-03-2008
431,C67,Education,Kolkata,RSD1,RSD1_RSC4,2003,27280.00,16,04-04-2008
116,C68,Lower Mid-Market,Chennai,RSD7,RSD7_RSC3,2006,91638.00,27,01-06-2008
252,C69,Upper Mid-Market,Bangalore,RSD2,RSD2_RSC1,2002_V1,13336.00,8,8/14/2008
195,C70,Lower Mid-Market,Delhi,RSD3,RSD3_RSC4,2006,9016.00,4,9/25/2008
318,C71,Core Mid-Market,Delhi,RSD3,RSD3_RSC3,2005_V1,75138.00,42,11-05-2008
445,C72,Government,Mumbai,RSD8,RSD8_RSC4,2008,84042.00,42,2/16/2008
472,C73,Lower Mid-Market,Kolkata,RSD9,RSD9_RSC5,2003,15532.00,11,10/16/2008
189,C74,Upper Mid-Market,Pune,RSD7,RSD7_RSC5,2003,119392.00,41,02-05-2008
109,C75,Education,Cochin,RSD9,RSD9_RSC2,2005_V2,127106.00,49,06-10-2008
106,C76,Government,Belgaum,RSD3,RSD3_RSC2,2002_V1,37090.00,10,01-10-2008
456,C77,Core Mid-Market,Mysore,RSD1,RSD1_RSC5,2005_V2,39114.00,41,12/19/2008
220,C78,Upper Mid-Market,Hyderabad,RSD5,RSD5_RSC2,2005_V2,42262.00,17,06-04-2008
458,C79,Upper Mid-Market,Jaipur,RSD1,RSD1_RSC2,2006,53792.00,41,06-05-2008
493,C80,Education,Jaipur,RSD6,RSD6_RSC3,2002_V1,22600.00,5,11/16/2008
443,C46,Government,Ranchi,RSD10,RSD10_RSC2,2003,36450.00,15,3/16/2008
111,C81,Government,Jharkand,RSD3,RSD3_RSC4,2006,9016.00,4,6/21/2008
263,C82,Lower Mid-Market,Mangalore,RSD1,RSD1_RSC1,2005_V1,4291.00,7,03-12-2008
150,C11,Education,Pune,RSD4,RSD4_RSC1,2006,125334.00,27,10/28/2008
359,C83,Education,Cochin,RSD2,RSD2_RSC2,2008,141188.00,47,11/14/2008
200,C84,Government,Mumbai,RSD6,RSD6_RSC5,2006,25630.00,11,7/20/2008
423,C85,Lower Mid-Market,Delhi,RSD9,RSD9_RSC3,2004,25392.00,16,6/18/2008
360,C86,Upper Mid-Market,Jaipur,RSD2,RSD2_RSC1,2004,75015.00,45,10/25/2008
129,C1,Lower Mid-Market,Chennai,RSD9,RSD9_RSC1,2002_V1,2864.00,4,1/22/2008
419,C2,Upper Mid-Market,Delhi,RSD7,RSD7_RSC4,2002_V2,115840.00,32,05-10-2008
270,C3,Education,Kolkata,RSD2,RSD2_RSC1,2002_V1,75015.00,45,10-11-2008
287,C4,Government,Kolkata,RSD3,RSD3_RSC5,2002_V1,163654.00,47,1/31/2008
317,C5,Core Mid-Market,Chennai,RSD2,RSD2_RSC5,2003,12858.00,3,9/27/2008
222,C6,Upper Mid-Market,Bangalore,RSD6,RSD6_RSC4,2005_V1,6412.00,2,10-11-2008
159,C7,Upper Mid-Market,Delhi,RSD9,RSD9_RSC1,2005_V1,16468.00,23,03-09-2008
457,C8,Education,Delhi,RSD1,RSD1_RSC5,2003,41976.00,44,12-05-2008
473,C9,Government,Mumbai,RSD2,RSD2_RSC1,2005_V2,61679.00,37,3/15/2008
149,C10,Lower Mid-Market,Kolkata,RSD6,RSD6_RSC1,2002_V2,47784.00,11,9/27/2008
150,C11,Education,Pune,RSD8,RSD8_RSC3,2002_V2,42912.00,36,6/26/2008
435,C12,Government,Cochin,RSD10,RSD10_RSC1,2006,7449.00,3,01-02-2008
110,C13,Lower Mid-Market,Belgaum,RSD3,RSD3_RSC2,2005_V2,44508.00,12,8/25/2008
408,C14,Upper Mid-Market,Mysore,RSD7,RSD7_RSC3,2002_V1,78062.00,23,2/21/2008
276,C15,Education,Hyderabad,RSD4,RSD4_RSC4,2002_V1,43110.00,15,8/15/2008
137,C16,Government,Jaipur,RSD2,RSD2_RSC1,2008,25005.00,15,11-06-2008
256,C17,Lower Mid-Market,Jaipur,RSD5,RSD5_RSC5,2005_V1,79809.00,37,10/16/2008
121,C18,Government,Jharkand,RSD5,RSD5_RSC5,2002_V2,79809.00,37,11-03-2008
322,C19,Lower Mid-Market,Mangalore,RSD6,RSD6_RSC2,2006,3216.00,6,9/23/2008
425,C20,Lower Mid-Market,Nagpur,RSD4,RSD4_RSC2,2002_V2,44744.00,14,12-01-2008
210,C21,Upper Mid-Market,Chennai,RSD8,RSD8_RSC5,2005_V2,213700.00,50,1/18/2008
292,C22,Core Mid-Market,Bangalore,RSD7,RSD7_RSC4,2002_V1,18100.00,5,12/18/2008
160,C23,Education,Indore,RSD8,RSD8_RSC2,2005_V1,70160.00,16,6/23/2008
179,C24,Education,Noida,RSD7,RSD7_RSC3,2006,118790.00,35,08-05-2008
212,C25,Government,Kolkata,RSD2,RSD2_RSC2,2002_V1,132176.00,44,7/25/2008
159,C7,Upper Mid-Market,Delhi,RSD4,RSD4_RSC2,2002_V2,57528.00,18,8/16/2008
212,C25,Government,Kolkata,RSD2,RSD2_RSC2,2006,144192.00,48,3/16/2008
292,C22,Core Mid-Market,Bangalore,RSD8,RSD8_RSC5,2002_V1,200878.00,47,9/20/2008
361,C26,Upper Mid-Market,Coimbatore,RSD5,RSD5_RSC4,2006,43724.00,17,4/17/2008
325,C27,Lower Mid-Market,Ranchi,RSD8,RSD8_RSC2,2005_V2,188555.00,43,2/16/2008
334,C28,Government,Pune,RSD10,RSD10_RSC4,2006,57642.00,39,06-02-2008
464,C29,Lower Mid-Market,Surat,RSD5,RSD5_RSC4,2004,100308.00,39,9/18/2008
158,C30,Lower Mid-Market,Ranchi,RSD4,RSD4_RSC1,2004,102124.00,22,01-11-2008
194,C31,Core Mid-Market,Ahmedabad,RSD2,RSD2_RSC1,2005_V2,23338.00,14,12-05-2008
140,C32,Education,Tirupathi,RSD9,RSD9_RSC3,2004,60306.00,38,11/15/2008
373,C33,Education,Kolkata,RSD6,RSD6_RSC5,2004,16310.00,7,11/18/2008
384,C34,Education,Vadodara,RSD2,RSD2_RSC1,2004,55011.00,33,09-11-2008
250,C35,Government,Udupi,RSD3,RSD3_RSC5,2008,97496.00,28,02-08-2008
389,C36,Upper Mid-Market,Vadodara,RSD4,RSD4_RSC4,2002_V1,48858.00,17,4/28/2008
185,C37,Lower Mid-Market,Pune,RSD5,RSD5_RSC1,2002_V2,22542.00,13,11/18/2008
339,C38,Core Mid-Market,Pune,RSD7,RSD7_RSC4,2004,76020.00,21,8/26/2008
230,C39,Education,Bangalore,RSD6,RSD6_RSC4,2004,89768.00,28,1/16/2008
129,C1,Lower Mid-Market,Chennai,RSD9,RSD9_RSC4,2002_V1,136555.00,31,05-04-2008
460,C40,Government,Hyderabad,RSD1,RSD1_RSC3,2006,51408.00,18,12-04-2008
276,C15,Education,Hyderabad,RSD9,RSD9_RSC2,2005_V2,67444.00,26,11-11-2008
243,C41,Government,Belgaum,RSD10,RSD10_RSC4,2005_V1,11824.00,8,09-02-2008
218,C42,Government,Delhi,RSD10,RSD10_RSC1,2006,104286.00,42,11-09-2008
137,C16,Government,Jaipur,RSD1,RSD1_RSC4,2008,30690.00,18,05-09-2008
421,C126,Core Mid-Market,Indore,RSD6,RSD6_RSC2,2006,22512.00,42,09-01-2008
302,C127,Education,Noida,RSD8,RSD8_RSC3,2002_V2,46488.00,39,5/26/2008
394,C128,Core Mid-Market,Kolkata,RSD5,RSD5_RSC1,2008,71094.00,41,01-10-2008
399,C129,Upper Mid-Market,Coimbatore,RSD10,RSD10_RSC2,2005_V2,77760.00,32,8/26/2008
159,C7,Upper Mid-Market,Delhi,RSD10,RSD10_RSC5,2005_V1,75110.00,35,02-06-2008
401,C56,Core Mid-Market,Delhi,RSD4,RSD4_RSC2,2005_V1,118252.00,37,7/19/2008
421,C126,Core Mid-Market,Indore,RSD7,RSD7_RSC2,2005_V1,13158.00,17,09-07-2008
363,C130,Lower Mid-Market,Ranchi,RSD8,RSD8_RSC3,2004,54832.00,46,7/17/2008
366,C131,Lower Mid-Market,Pune,RSD3,RSD3_RSC3,2002_V2,75138.00,42,5/22/2008
222,C6,Upper Mid-Market,Bangalore,RSD6,RSD6_RSC2,2005_V2,10184.00,19,2/19/2008
391,C132,Upper Mid-Market,Surat,RSD1,RSD1_RSC2,2008,45920.00,35,09-02-2008
163,C133,Core Mid-Market,Ranchi,RSD4,RSD4_RSC3,2004,163044.00,36,06-01-2008
165,C134,Education,Ahmedabad,RSD5,RSD5_RSC5,2005_V1,56082.00,26,04-02-2008
275,C135,Education,Tirupathi,RSD10,RSD10_RSC1,2005_V2,44694.00,18,7/17/2008
316,C136,Government,Kolkata,RSD1,RSD1_RSC4,2005_V1,32395.00,19,4/25/2008
141,C117,Core Mid-Market,Surat,RSD9,RSD9_RSC5,2002_V1,33888.00,24,07-11-2008
131,C137,Upper Mid-Market,Vadodara,RSD1,RSD1_RSC2,2008,60352.00,46,8/30/2008
312,C138,Lower Mid-Market,Udupi,RSD10,RSD10_RSC4,2005_V1,11824.00,8,7/23/2008
181,C139,Government,Vadodara,RSD4,RSD4_RSC4,2003,8622.00,3,06-12-2008
112,C140,Lower Mid-Market,Pune,RSD10,RSD10_RSC3,2002_V2,44920.00,40,2/16/2008
315,C141,Lower Mid-Market,Pune,RSD10,RSD10_RSC3,2002_V1,19091.00,17,10-01-2008
487,C97,Upper Mid-Market,Vadodara,RSD2,RSD2_RSC1,2008,50010.00,30,12-04-2008
368,C142,Core Mid-Market,Bangalore,RSD8,RSD8_RSC5,2005_V2,64110.00,15,10/28/2008
439,C143,Education,Hyderabad,RSD9,RSD9_RSC5,2004,43772.00,31,11/29/2008
313,C144,Education,Belgaum,RSD1,RSD1_RSC1,2008,11034.00,18,6/19/2008
437,C112,Upper Mid-Market,Nagpur,RSD10,RSD10_RSC3,2003,24706.00,22,11/23/2008
374,C45,Education,Cochin,RSD4,RSD4_RSC1,2008,27852.00,6,3/22/2008
386,C145,Education,Delhi,RSD10,RSD10_RSC5,2002_V1,77256.00,36,11-12-2008
463,C146,Government,Coimbatore,RSD1,RSD1_RSC3,2005_V2,105672.00,37,11/29/2008
118,C147,Upper Mid-Market,Delhi,RSD5,RSD5_RSC3,2004,22980.00,5,12/19/2008
251,C148,Lower Mid-Market,Cochin,RSD3,RSD3_RSC1,2004,45108.00,42,4/27/2008
308,C149,Core Mid-Market,Ranchi,RSD8,RSD8_RSC5,2004,119672.00,28,4/23/2008
364,C150,Education,Pune,RSD9,RSD9_RSC4,2006,180605.00,41,5/15/2008
237,C151,Government,Kolkata,RSD6,RSD6_RSC3,2002_V2,212440.00,47,2/24/2008
225,C152,Government,Mumbai,RSD3,RSD3_RSC4,2005_V2,42826.00,19,10-04-2008
224,C55,Upper Mid-Market,Varanasi,RSD4,RSD4_RSC2,2006,38352.00,12,5/28/2008
469,C153,Government,Mumbai,RSD7,RSD7_RSC2,2005_V1,16254.00,21,11-06-2008
409,C154,Government,Mumbai,RSD3,RSD3_RSC4,2005_V1,56350.00,25,3/22/2008
101,C155,Lower Mid-Market,Mumbai,RSD6,RSD6_RSC1,2004,217200.00,50,5/13/2008
291,C156,Education,Mumbai,RSD3,RSD3_RSC4,2005_V1,112700.00,50,7/28/2008
390,C157,Government,Belgaum,RSD6,RSD6_RSC5,2002_V2,4660.00,2,12/20/2008
236,C158,Lower Mid-Market,Varanasi,RSD3,RSD3_RSC1,2005_V2,36516.00,34,7/14/2008
395,C159,Upper Mid-Market,Delhi,RSD6,RSD6_RSC5,2002_V2,65240.00,28,9/16/2008
348,C160,Education,Delhi,RSD9,RSD9_RSC3,2006,9522.00,6,09-09-2008
154,C161,Lower Mid-Market,Bangalore,RSD5,RSD5_RSC5,2008,23727.00,11,7/20/2008
429,C162,Lower Mid-Market,Surat,RSD8,RSD8_RSC3,2006,33376.00,28,4/26/2008
274,C108,Government,Hyderabad,RSD5,RSD5_RSC3,2004,22980.00,5,5/31/2008
127,C163,Upper Mid-Market,Delhi,RSD9,RSD9_RSC4,2003,110125.00,25,08-02-2008
339,C38,Core Mid-Market,Pune,RSD10,RSD10_RSC5,2005_V1,103008.00,48,3/16/2008
462,C164,Core Mid-Market,Cochin,RSD3,RSD3_RSC4,2003,27048.00,12,06-09-2008
398,C51,Lower Mid-Market,Mumbai,RSD2,RSD2_RSC1,2005_V2,30006.00,18,4/16/2008
277,C165,Education,Pune,RSD6,RSD6_RSC4,2002_V2,67326.00,21,3/25/2008
470,C166,Education,Cochin,RSD6,RSD6_RSC1,2002_V2,182448.00,42,10-03-2008
240,C167,Government,Belgaum,RSD3,RSD3_RSC3,2006,75138.00,42,6/21/2008
336,C120,Upper Mid-Market,Udupi,RSD3,RSD3_RSC1,2002_V2,28998.00,27,03-09-2008
136,C168,Upper Mid-Market,Vadodara,RSD1,RSD1_RSC4,2003,57970.00,34,2/15/2008
488,C169,Lower Mid-Market,Coimbatore,RSD8,RSD8_RSC1,2004,149842.00,49,11/14/2008
415,C170,Government,Nagpur,RSD9,RSD9_RSC5,2008,12708.00,9,8/23/2008
293,C171,Lower Mid-Market,Mumbai,RSD8,RSD8_RSC1,2008,97856.00,32,8/17/2008
194,C31,Core Mid-Market,Ahmedabad,RSD5,RSD5_RSC5,2004,32355.00,15,6/23/2008
364,C150,Education,Pune,RSD5,RSD5_RSC2,2008,12430.00,5,03-03-2008
490,C172,Lower Mid-Market,Mysore,RSD10,RSD10_RSC4,2008,7390.00,5,4/24/2008
412,C173,Core Mid-Market,Bangalore,RSD6,RSD6_RSC5,2005_V2,65240.00,28,3/19/2008
388,C174,Education,Nagpur,RSD5,RSD5_RSC2,2003,37290.00,15,8/18/2008
351,C175,Education,Chennai,RSD10,RSD10_RSC5,2002_V2,40774.00,19,10-05-2008
361,C26,Upper Mid-Market,Coimbatore,RSD10,RSD10_RSC1,2005_V1,57109.00,23,1/26/2008
348,C160,Education,Delhi,RSD5,RSD5_RSC3,2004,165456.00,36,3/17/2008
140,C32,Education,Tirupathi,RSD6,RSD6_RSC3,2005_V1,216960.00,48,06-02-2008
195,C70,Lower Mid-Market,Delhi,RSD2,RSD2_RSC3,2002_V1,82705.00,17,9/14/2008
122,C176,Education,Bangalore,RSD7,RSD7_RSC4,2002_V2,108600.00,30,12-03-2008
105,C50,Government,Mumbai,RSD5,RSD5_RSC2,2005_V2,72094.00,29,1/17/2008
452,C177,Government,Indore,RSD6,RSD6_RSC4,2006,160300.00,50,04-12-2008
295,C178,Upper Mid-Market,Noida,RSD1,RSD1_RSC1,2005_V1,29424.00,48,11/17/2008
105,C50,Government,Mumbai,RSD7,RSD7_RSC4,2002_V1,18100.00,5,10/25/2008
439,C143,Education,Hyderabad,RSD1,RSD1_RSC5,2002_V1,24804.00,26,11/20/2008
156,C179,Lower Mid-Market,Kolkata,RSD1,RSD1_RSC4,2005_V2,61380.00,36,6/21/2008
159,C7,Upper Mid-Market,Delhi,RSD9,RSD9_RSC2,2002_V2,67444.00,26,6/26/2008
243,C41,Government,Belgaum,RSD8,RSD8_RSC4,2003,32016.00,16,04-01-2008
175,C180,Core Mid-Market,Coimbatore,RSD5,RSD5_RSC1,2005_V2,19074.00,11,8/18/2008
339,C38,Core Mid-Market,Pune,RSD8,RSD8_RSC5,2005_V1,170960.00,40,8/28/2008
293,C171,Lower Mid-Market,Mumbai,RSD1,RSD1_RSC3,2006,105672.00,37,7/16/2008
255,C181,Education,Ranchi,RSD3,RSD3_RSC3,2008,42936.00,24,05-11-2008
292,C22,Core Mid-Market,Bangalore,RSD7,RSD7_RSC2,2002_V2,37926.00,49,3/30/2008
254,C182,Government,Pune,RSD9,RSD9_RSC4,2006,26430.00,6,12/13/2008
338,C183,Government,Surat,RSD1,RSD1_RSC3,2002_V1,137088.00,48,10-10-2008
121,C18,Government,Jharkand,RSD7,RSD7_RSC4,2008,162900.00,45,07-11-2008
270,C3,Education,Kolkata,RSD10,RSD10_RSC1,2005_V2,94354.00,38,03-06-2008
371,C184,Government,Ranchi,RSD3,RSD3_RSC2,2002_V1,81598.00,22,12/27/2008
238,C185,Government,Ahmedabad,RSD5,RSD5_RSC3,2003,133284.00,29,02-02-2008
311,C186,Lower Mid-Market,Tirupathi,RSD4,RSD4_RSC1,2008,213532.00,46,2/16/2008
245,C187,Education,Kolkata,RSD2,RSD2_RSC3,2005_V1,48650.00,10,8/31/2008
138,C188,Government,Vadodara,RSD5,RSD5_RSC5,2002_V1,15099.00,7,1/31/2008
354,C189,Lower Mid-Market,Udupi,RSD9,RSD9_RSC2,2003,46692.00,18,01-11-2008
202,C190,Upper Mid-Market,Vadodara,RSD5,RSD5_RSC4,2006,41152.00,16,02-09-2008
125,C102,Government,Mumbai,RSD5,RSD5_RSC1,2008,72828.00,42,11/25/2008
499,C191,Education,Pune,RSD4,RSD4_RSC5,2002_V1,43033.00,23,5/30/2008
108,C192,Government,Pune,RSD4,RSD4_RSC3,2004,13587.00,3,9/14/2008
363,C130,Lower Mid-Market,Ranchi,RSD2,RSD2_RSC5,2002_V1,111436.00,26,06-06-2008
416,C193,Lower Mid-Market,Bangalore,RSD8,RSD8_RSC4,2002_V2,18009.00,9,02-11-2008
404,C194,Government,Hyderabad,RSD2,RSD2_RSC1,2004,6668.00,4,09-05-2008
435,C12,Government,Cochin,RSD5,RSD5_RSC5,2005_V1,73338.00,34,01-08-2008
160,C23,Education,Indore,RSD7,RSD7_RSC3,2005_V2,40728.00,12,9/24/2008
473,C9,Government,Mumbai,RSD10,RSD10_RSC1,2004,84422.00,34,8/20/2008
271,C60,Government,Pune,RSD6,RSD6_RSC2,2008,16616.00,31,5/20/2008
244,C195,Lower Mid-Market,Belgaum,RSD7,RSD7_RSC2,2002_V1,1548.00,2,6/29/2008
212,C25,Government,Kolkata,RSD1,RSD1_RSC1,2004,1839.00,3,2/19/2008
446,C196,Lower Mid-Market,Delhi,RSD6,RSD6_RSC2,2006,8040.00,15,05-03-2008
282,C197,Upper Mid-Market,Coimbatore,RSD5,RSD5_RSC2,2005_V1,54692.00,22,9/19/2008
186,C198,Core Mid-Market,Delhi,RSD10,RSD10_RSC2,2003,9720.00,4,12/16/2008
357,C199,Lower Mid-Market,Cochin,RSD9,RSD9_RSC2,2005_V2,111542.00,43,3/26/2008
212,C25,Government,Kolkata,RSD2,RSD2_RSC2,2003,90120.00,30,2/25/2008
168,C94,Government,Delhi,RSD1,RSD1_RSC3,2004,111384.00,39,5/21/2008
409,C154,Government,Mumbai,RSD9,RSD9_RSC4,2005_V2,167390.00,38,7/14/2008
113,C200,Upper Mid-Market,Ranchi,RSD5,RSD5_RSC2,2006,64636.00,26,10/24/2008
396,C201,Government,Pune,RSD3,RSD3_RSC1,2006,46182.00,43,9/25/2008
386,C145,Education,Delhi,RSD1,RSD1_RSC2,2002_V1,11808.00,9,12/23/2008
204,C202,Government,Kolkata,RSD5,RSD5_RSC2,2006,119328.00,48,5/25/2008
301,C203,Upper Mid-Market,Mumbai,RSD10,RSD10_RSC3,2003,6738.00,6,11/21/2008
113,C200,Upper Mid-Market,Ranchi,RSD10,RSD10_RSC4,2005_V2,7390.00,5,9/18/2008
302,C127,Education,Noida,RSD8,RSD8_RSC4,2005_V1,62031.00,31,6/14/2008
449,C204,Upper Mid-Market,Mumbai,RSD10,RSD10_RSC3,2008,35936.00,32,1/14/2008
385,C54,Lower Mid-Market,Belgaum,RSD3,RSD3_RSC4,2003,85652.00,38,6/28/2008
488,C169,Lower Mid-Market,Coimbatore,RSD2,RSD2_RSC1,2002_V2,15003.00,9,09-04-2008
259,C205,Education,Mumbai,RSD4,RSD4_RSC5,2002_V2,31807.00,17,07-01-2008
374,C45,Education,Cochin,RSD8,RSD8_RSC2,2008,179785.00,41,2/16/2008
473,C9,Government,Mumbai,RSD3,RSD3_RSC2,2006,7418.00,2,1/15/2008
114,C206,Government,Mumbai,RSD10,RSD10_RSC5,2005_V2,96570.00,45,11/14/2008
399,C129,Upper Mid-Market,Coimbatore,RSD9,RSD9_RSC1,2006,12172.00,17,07-07-2008
281,C207,Core Mid-Market,Mumbai,RSD1,RSD1_RSC3,2004,82824.00,29,2/25/2008
367,C208,Government,Belgaum,RSD1,RSD1_RSC3,2002_V1,54264.00,19,6/18/2008
421,C126,Core Mid-Market,Indore,RSD4,RSD4_RSC2,2003,9588.00,3,12-07-2008
302,C127,Education,Noida,RSD1,RSD1_RSC1,2005_V2,1839.00,3,1/19/2008
394,C128,Core Mid-Market,Kolkata,RSD2,RSD2_RSC3,2004,189735.00,39,02-06-2008
399,C129,Upper Mid-Market,Coimbatore,RSD5,RSD5_RSC3,2006,225204.00,49,06-03-2008
159,C7,Upper Mid-Market,Delhi,RSD8,RSD8_RSC5,2006,68384.00,16,12/28/2008
401,C56,Core Mid-Market,Delhi,RSD3,RSD3_RSC2,2005_V2,44508.00,12,11-05-2008
421,C126,Core Mid-Market,Indore,RSD8,RSD8_RSC1,2008,30580.00,10,8/29/2008
363,C130,Lower Mid-Market,Ranchi,RSD3,RSD3_RSC3,2005_V2,37569.00,21,7/14/2008
366,C131,Lower Mid-Market,Pune,RSD8,RSD8_RSC2,2003,219250.00,50,08-11-2008
222,C6,Upper Mid-Market,Bangalore,RSD3,RSD3_RSC4,2005_V1,110446.00,49,5/25/2008
391,C132,Upper Mid-Market,Surat,RSD2,RSD2_RSC4,2004,5692.00,4,10/30/2008
163,C133,Core Mid-Market,Ranchi,RSD6,RSD6_RSC3,2005_V1,90400.00,20,6/16/2008
165,C134,Education,Ahmedabad,RSD10,RSD10_RSC2,2002_V2,12150.00,5,09-03-2008
275,C135,Education,Tirupathi,RSD10,RSD10_RSC1,2004,39728.00,16,11/23/2008
316,C136,Government,Kolkata,RSD7,RSD7_RSC4,2002_V1,54300.00,15,06-11-2008
141,C117,Core Mid-Market,Surat,RSD1,RSD1_RSC3,2005_V1,114240.00,40,6/15/2008
131,C137,Upper Mid-Market,Vadodara,RSD5,RSD5_RSC5,2005_V1,32355.00,15,11/23/2008
312,C138,Lower Mid-Market,Udupi,RSD1,RSD1_RSC5,2004,47700.00,50,9/16/2008
181,C139,Government,Vadodara,RSD8,RSD8_RSC2,2004,197325.00,45,7/18/2008
112,C140,Lower Mid-Market,Pune,RSD5,RSD5_RSC5,2008,15099.00,7,11-03-2008
315,C141,Lower Mid-Market,Pune,RSD2,RSD2_RSC1,2003,51677.00,31,1/15/2008
487,C97,Upper Mid-Market,Vadodara,RSD2,RSD2_RSC3,2006,121625.00,25,7/16/2008
368,C142,Core Mid-Market,Bangalore,RSD3,RSD3_RSC1,2002_V2,6444.00,6,5/23/2008
439,C143,Education,Hyderabad,RSD7,RSD7_RSC1,2005_V2,94311.00,27,11-05-2008
313,C144,Education,Belgaum,RSD4,RSD4_RSC5,2002_V2,35549.00,19,09-04-2008
437,C112,Upper Mid-Market,Nagpur,RSD8,RSD8_RSC2,2004,52620.00,12,12-08-2008
374,C45,Education,Cochin,RSD4,RSD4_RSC1,2005_V2,190322.00,41,12/27/2008
386,C145,Education,Delhi,RSD5,RSD5_RSC1,2004,36414.00,21,2/23/2008
463,C146,Government,Coimbatore,RSD6,RSD6_RSC2,2005_V1,16616.00,31,03-10-2008
118,C147,Upper Mid-Market,Delhi,RSD2,RSD2_RSC2,2003,87116.00,29,09-05-2008
251,C148,Lower Mid-Market,Cochin,RSD6,RSD6_RSC3,2002_V1,40680.00,9,11-04-2008
308,C149,Core Mid-Market,Ranchi,RSD3,RSD3_RSC2,2008,85307.00,23,5/18/2008
364,C150,Education,Pune,RSD7,RSD7_RSC3,2003,145942.00,43,9/25/2008
237,C151,Government,Kolkata,RSD7,RSD7_RSC3,2003,166306.00,49,5/13/2008
225,C152,Government,Mumbai,RSD5,RSD5_RSC2,2003,32318.00,13,4/17/2008
224,C55,Upper Mid-Market,Varanasi,RSD4,RSD4_RSC2,2006,41548.00,13,6/18/2008
469,C153,Government,Mumbai,RSD6,RSD6_RSC2,2005_V1,6968.00,13,11/16/2008
409,C154,Government,Mumbai,RSD5,RSD5_RSC3,2008,183840.00,40,5/22/2008
101,C155,Lower Mid-Market,Mumbai,RSD4,RSD4_RSC5,2002_V1,1871.00,1,3/19/2008
291,C156,Education,Mumbai,RSD9,RSD9_RSC1,2004,22912.00,32,5/18/2008
390,C157,Government,Belgaum,RSD2,RSD2_RSC1,2002_V1,55011.00,33,6/25/2008
236,C158,Lower Mid-Market,Varanasi,RSD8,RSD8_RSC4,2006,10005.00,5,07-11-2008
395,C159,Upper Mid-Market,Delhi,RSD4,RSD4_RSC5,2003,48646.00,26,3/21/2008
348,C160,Education,Delhi,RSD6,RSD6_RSC5,2008,97860.00,42,7/14/2008
154,C161,Lower Mid-Market,Bangalore,RSD6,RSD6_RSC3,2006,144640.00,32,07-04-2008
429,C162,Lower Mid-Market,Surat,RSD10,RSD10_RSC1,2008,32279.00,13,8/30/2008
274,C108,Government,Hyderabad,RSD4,RSD4_RSC5,2003,28065.00,15,5/23/2008
127,C163,Upper Mid-Market,Delhi,RSD3,RSD3_RSC1,2006,11814.00,11,01-03-2008
339,C38,Core Mid-Market,Pune,RSD3,RSD3_RSC5,2004,76604.00,22,10/24/2008
462,C164,Core Mid-Market,Cochin,RSD8,RSD8_RSC4,2002_V2,32016.00,16,6/16/2008
398,C51,Lower Mid-Market,Mumbai,RSD5,RSD5_RSC1,2003,84966.00,49,03-11-2008
277,C165,Education,Pune,RSD3,RSD3_RSC1,2002_V2,46182.00,43,01-02-2008
470,C166,Education,Cochin,RSD5,RSD5_RSC3,2005_V2,225204.00,49,5/21/2008
240,C167,Government,Belgaum,RSD8,RSD8_RSC3,2003,8344.00,7,07-04-2008
336,C120,Upper Mid-Market,Udupi,RSD7,RSD7_RSC1,2005_V2,132734.00,38,03-09-2008
136,C168,Upper Mid-Market,Vadodara,RSD9,RSD9_RSC3,2004,71415.00,45,10/28/2008
488,C169,Lower Mid-Market,Coimbatore,RSD3,RSD3_RSC5,2005_V1,163654.00,47,09-02-2008
415,C170,Government,Nagpur,RSD4,RSD4_RSC2,2005_V1,35156.00,11,06-03-2008
293,C171,Lower Mid-Market,Mumbai,RSD7,RSD7_RSC3,2006,142548.00,42,2/25/2008
194,C31,Core Mid-Market,Ahmedabad,RSD1,RSD1_RSC3,2005_V2,137088.00,48,3/21/2008
364,C150,Education,Pune,RSD10,RSD10_RSC1,2002_V2,72007.00,29,4/22/2008
490,C172,Lower Mid-Market,Mysore,RSD2,RSD2_RSC2,2005_V2,120160.00,40,02-10-2008
412,C173,Core Mid-Market,Bangalore,RSD5,RSD5_RSC1,2003,3468.00,2,9/13/2008
388,C174,Education,Nagpur,RSD8,RSD8_RSC1,2003,149842.00,49,11-12-2008
351,C175,Education,Chennai,RSD4,RSD4_RSC5,2004,33678.00,18,06-08-2008
361,C26,Upper Mid-Market,Coimbatore,RSD1,RSD1_RSC3,2005_V1,99960.00,35,11-05-2008
348,C160,Education,Delhi,RSD7,RSD7_RSC1,2002_V1,83832.00,24,11-04-2008
140,C32,Education,Tirupathi,RSD8,RSD8_RSC4,2002_V2,60030.00,30,12-05-2008
195,C70,Lower Mid-Market,Delhi,RSD8,RSD8_RSC3,2006,54832.00,46,5/16/2008
122,C176,Education,Bangalore,RSD5,RSD5_RSC4,2005_V2,84876.00,33,4/21/2008
105,C50,Government,Mumbai,RSD9,RSD9_RSC2,2002_V2,101166.00,39,12/16/2008
452,C177,Government,Indore,RSD6,RSD6_RSC4,2002_V2,92974.00,29,2/24/2008
295,C178,Upper Mid-Market,Noida,RSD2,RSD2_RSC2,2005_V2,102136.00,34,7/15/2008
105,C50,Government,Mumbai,RSD7,RSD7_RSC5,2005_V2,125216.00,43,03-01-2008
439,C143,Education,Hyderabad,RSD5,RSD5_RSC5,2002_V2,62553.00,29,4/14/2008
156,C179,Lower Mid-Market,Kolkata,RSD6,RSD6_RSC2,2008,20904.00,39,9/15/2008
159,C7,Upper Mid-Market,Delhi,RSD8,RSD8_RSC3,2006,39336.00,33,07-09-2008
243,C41,Government,Belgaum,RSD5,RSD5_RSC5,2002_V1,25884.00,12,02-09-2008
175,C180,Core Mid-Market,Coimbatore,RSD4,RSD4_RSC1,2006,92840.00,20,05-11-2008
339,C38,Core Mid-Market,Pune,RSD6,RSD6_RSC5,2006,2330.00,1,7/28/2008
293,C171,Lower Mid-Market,Mumbai,RSD1,RSD1_RSC5,2006,43884.00,46,04-09-2008
255,C181,Education,Ranchi,RSD3,RSD3_RSC2,2002_V1,96434.00,26,3/27/2008
292,C22,Core Mid-Market,Bangalore,RSD4,RSD4_RSC3,2002_V1,126812.00,28,05-09-2008
254,C182,Government,Pune,RSD7,RSD7_RSC4,2005_V2,97740.00,27,9/23/2008
338,C183,Government,Surat,RSD5,RSD5_RSC1,2002_V2,69360.00,40,11-03-2008
121,C18,Government,Jharkand,RSD6,RSD6_RSC4,2004,60914.00,19,02-06-2008
270,C3,Education,Kolkata,RSD2,RSD2_RSC4,2005_V1,66881.00,47,1/23/2008
371,C184,Government,Ranchi,RSD3,RSD3_RSC4,2005_V1,49588.00,22,7/29/2008
238,C185,Government,Ahmedabad,RSD1,RSD1_RSC1,2008,9195.00,15,3/23/2008
311,C186,Lower Mid-Market,Tirupathi,RSD10,RSD10_RSC2,2003,7290.00,3,7/30/2008
245,C187,Education,Kolkata,RSD2,RSD2_RSC5,2003,154296.00,36,12/26/2008
138,C188,Government,Vadodara,RSD3,RSD3_RSC3,2002_V2,37569.00,21,2/22/2008
354,C189,Lower Mid-Market,Udupi,RSD2,RSD2_RSC4,2005_V1,29883.00,21,12/22/2008
202,C190,Upper Mid-Market,Vadodara,RSD10,RSD10_RSC3,2008,13476.00,12,3/26/2008
125,C102,Government,Mumbai,RSD10,RSD10_RSC4,2004,60598.00,41,9/29/2008
499,C191,Education,Pune,RSD8,RSD8_RSC4,2005_V2,40020.00,20,01-02-2008
108,C192,Government,Pune,RSD2,RSD2_RSC3,2004,97300.00,20,1/18/2008
363,C130,Lower Mid-Market,Ranchi,RSD7,RSD7_RSC1,2005_V1,118762.00,34,12-01-2008
416,C193,Lower Mid-Market,Bangalore,RSD9,RSD9_RSC5,2002_V2,24004.00,17,2/14/2008
404,C194,Government,Hyderabad,RSD1,RSD1_RSC5,2003,7632.00,8,4/29/2008
435,C12,Government,Cochin,RSD9,RSD9_RSC2,2002_V1,75226.00,29,05-12-2008
160,C23,Education,Indore,RSD9,RSD9_RSC1,2006,35800.00,50,05-04-2008
473,C9,Government,Mumbai,RSD6,RSD6_RSC2,2002_V1,4824.00,9,12/29/2008
271,C60,Government,Pune,RSD6,RSD6_RSC2,2005_V1,7504.00,14,12-11-2008
244,C195,Lower Mid-Market,Belgaum,RSD2,RSD2_RSC3,2002_V2,233520.00,48,06-01-2008
212,C25,Government,Kolkata,RSD9,RSD9_RSC5,2002_V1,12708.00,9,9/19/2008
446,C196,Lower Mid-Market,Delhi,RSD2,RSD2_RSC5,2002_V1,17144.00,4,1/19/2008
282,C197,Upper Mid-Market,Coimbatore,RSD2,RSD2_RSC3,2003,111895.00,23,3/25/2008
186,C198,Core Mid-Market,Delhi,RSD6,RSD6_RSC5,2008,16310.00,7,4/26/2008
357,C199,Lower Mid-Market,Cochin,RSD2,RSD2_RSC4,2005_V2,36998.00,26,9/23/2008
212,C25,Government,Kolkata,RSD4,RSD4_RSC2,2005_V1,124644.00,39,11-08-2008
168,C94,Government,Delhi,RSD2,RSD2_RSC2,2004,12016.00,4,06-06-2008
409,C154,Government,Mumbai,RSD8,RSD8_RSC3,2005_V1,1192.00,1,9/29/2008
113,C200,Upper Mid-Market,Ranchi,RSD2,RSD2_RSC4,2005_V1,19922.00,14,09-06-2008
396,C201,Government,Pune,RSD3,RSD3_RSC4,2008,99176.00,44,4/17/2008
386,C145,Education,Delhi,RSD6,RSD6_RSC4,2003,57708.00,18,7/24/2008
204,C202,Government,Kolkata,RSD1,RSD1_RSC1,2006,18390.00,30,12-09-2008
301,C203,Upper Mid-Market,Mumbai,RSD3,RSD3_RSC4,2002_V1,87906.00,39,5/14/2008
113,C200,Upper Mid-Market,Ranchi,RSD7,RSD7_RSC1,2002_V1,129241.00,37,9/27/2008
302,C127,Education,Noida,RSD7,RSD7_RSC1,2008,59381.00,17,9/17/2008
449,C204,Upper Mid-Market,Mumbai,RSD6,RSD6_RSC4,2004,92974.00,29,5/18/2008
385,C54,Lower Mid-Market,Belgaum,RSD9,RSD9_RSC2,2002_V1,106354.00,41,10-08-2008
488,C169,Lower Mid-Market,Coimbatore,RSD10,RSD10_RSC3,2005_V1,53904.00,48,6/18/2008
259,C205,Education,Mumbai,RSD6,RSD6_RSC1,2005_V2,117288.00,27,7/16/2008
374,C45,Education,Cochin,RSD6,RSD6_RSC2,2006,9112.00,17,12-10-2008
473,C9,Government,Mumbai,RSD8,RSD8_RSC5,2003,170960.00,40,10/23/2008
114,C206,Government,Mumbai,RSD5,RSD5_RSC2,2003,27346.00,11,11/29/2008
399,C129,Upper Mid-Market,Coimbatore,RSD5,RSD5_RSC3,2005_V1,216012.00,47,10-11-2008
281,C207,Core Mid-Market,Mumbai,RSD1,RSD1_RSC1,2005_V1,10421.00,17,10/25/2008
367,C208,Government,Belgaum,RSD6,RSD6_RSC2,2002_V2,11792.00,22,02-01-2008
149,C10,Lower Mid-Market,Kolkata,RSD8,RSD8_RSC5,2004,64110.00,15,10/24/2008
496,C219,Core Mid-Market,Kolkata,RSD5,RSD5_RSC4,2002_V1,30864.00,12,10-02-2008
319,C220,Upper Mid-Market,Coimbatore,RSD7,RSD7_RSC3,2005_V1,40728.00,12,3/17/2008
251,C148,Lower Mid-Market,Cochin,RSD9,RSD9_RSC4,2003,198225.00,45,6/23/2008
208,C221,Upper Mid-Market,Ranchi,RSD6,RSD6_RSC1,2008,199824.00,46,5/16/2008
399,C129,Upper Mid-Market,Coimbatore,RSD7,RSD7_RSC5,2002_V1,125216.00,43,12-06-2008
173,C222,Education,Pune,RSD5,RSD5_RSC1,2008,62424.00,36,3/27/2008
346,C116,Core Mid-Market,Ranchi,RSD3,RSD3_RSC1,2004,26850.00,25,11-12-2008
330,C223,Government,Surat,RSD7,RSD7_RSC4,2005_V1,97740.00,27,9/30/2008
264,C224,Lower Mid-Market,Ranchi,RSD10,RSD10_RSC2,2008,104490.00,43,08-04-2008
133,C225,Education,Ahmedabad,RSD6,RSD6_RSC5,2006,13980.00,6,12-05-2008
144,C226,Government,Tirupathi,RSD1,RSD1_RSC1,2006,2452.00,4,7/17/2008
433,C209,Education,Varanasi,RSD7,RSD7_RSC1,2003,108283.00,31,05-04-2008
341,C227,Lower Mid-Market,Kolkata,RSD9,RSD9_RSC2,2005_V2,59662.00,23,1/17/2008
355,C49,Education,Mumbai,RSD1,RSD1_RSC2,2002_V2,59040.00,45,08-11-2008
401,C56,Core Mid-Market,Delhi,RSD1,RSD1_RSC4,2008,15345.00,9,5/21/2008
404,C194,Government,Hyderabad,RSD7,RSD7_RSC5,2002_V2,87360.00,30,9/13/2008
342,C228,Upper Mid-Market,Vadodara,RSD10,RSD10_RSC2,2003,38880.00,16,02-03-2008
206,C229,Education,Udupi,RSD3,RSD3_RSC1,2003,39738.00,37,10-02-2008
473,C9,Government,Mumbai,RSD8,RSD8_RSC2,2005_V1,184170.00,42,11/19/2008
405,C230,Government,Vadodara,RSD6,RSD6_RSC3,2006,149160.00,33,02-09-2008
321,C231,Lower Mid-Market,Pune,RSD8,RSD8_RSC4,2005_V2,50025.00,25,2/18/2008
202,C190,Upper Mid-Market,Vadodara,RSD5,RSD5_RSC2,2006,77066.00,31,4/24/2008
448,C232,Government,Pune,RSD7,RSD7_RSC4,2004,181000.00,50,10/26/2008
305,C233,Lower Mid-Market,Bangalore,RSD4,RSD4_RSC3,2002_V1,149457.00,33,05-03-2008
319,C220,Upper Mid-Market,Coimbatore,RSD2,RSD2_RSC4,2002_V2,58343.00,41,9/20/2008
485,C234,Upper Mid-Market,Hyderabad,RSD8,RSD8_RSC4,2008,98049.00,49,4/20/2008
371,C184,Government,Ranchi,RSD2,RSD2_RSC2,2002_V2,51068.00,17,07-02-2008
461,C235,Education,Belgaum,RSD7,RSD7_RSC3,2008,74668.00,22,05-07-2008
500,C236,Government,Delhi,RSD8,RSD8_RSC3,2005_V2,16688.00,14,8/15/2008
480,C237,Core Mid-Market,Coimbatore,RSD1,RSD1_RSC4,2005_V2,15345.00,9,7/15/2008
326,C238,Upper Mid-Market,Delhi,RSD8,RSD8_RSC1,2002_V2,128436.00,42,3/15/2008
453,C239,Upper Mid-Market,Cochin,RSD7,RSD7_RSC1,2006,171157.00,49,08-02-2008
468,C240,Education,Ranchi,RSD6,RSD6_RSC4,2002_V2,96180.00,30,4/18/2008
354,C189,Lower Mid-Market,Udupi,RSD4,RSD4_RSC4,2008,94842.00,33,2/29/2008
463,C146,Government,Coimbatore,RSD4,RSD4_RSC1,2004,55704.00,12,4/18/2008
318,C71,Core Mid-Market,Delhi,RSD3,RSD3_RSC5,2006,83568.00,24,3/30/2008
438,C118,Education,Ahmedabad,RSD6,RSD6_RSC1,2006,212856.00,49,6/30/2008
302,C127,Education,Noida,RSD9,RSD9_RSC2,2002_V2,5188.00,2,4/22/2008
469,C153,Government,Mumbai,RSD4,RSD4_RSC4,2003,109212.00,38,1/23/2008
266,C241,Government,Pune,RSD7,RSD7_RSC4,2003,21720.00,6,09-09-2008
205,C242,Government,Kolkata,RSD7,RSD7_RSC4,2002_V2,86880.00,24,09-04-2008
472,C73,Lower Mid-Market,Kolkata,RSD5,RSD5_RSC2,2008,4972.00,2,10-01-2008
398,C51,Lower Mid-Market,Mumbai,RSD5,RSD5_RSC4,2005_V2,12860.00,5,04-04-2008
127,C163,Upper Mid-Market,Delhi,RSD5,RSD5_RSC3,2004,114900.00,25,10/20/2008
208,C221,Upper Mid-Market,Ranchi,RSD2,RSD2_RSC3,2002_V1,150815.00,31,1/18/2008
278,C243,Lower Mid-Market,Mumbai,RSD10,RSD10_RSC5,2005_V2,36482.00,17,10/13/2008
281,C207,Core Mid-Market,Mumbai,RSD10,RSD10_RSC4,2005_V2,56164.00,38,05-06-2008
248,C109,Government,Jaipur,RSD1,RSD1_RSC2,2005_V1,15744.00,12,02-07-2008
428,C90,Government,Bangalore,RSD10,RSD10_RSC1,2008,79456.00,32,05-07-2008
115,C244,Government,Mumbai,RSD10,RSD10_RSC5,2002_V2,103008.00,48,09-09-2008
482,C245,Lower Mid-Market,Mumbai,RSD10,RSD10_RSC3,2003,16845.00,15,2/29/2008
388,C174,Education,Nagpur,RSD4,RSD4_RSC5,2002_V1,18710.00,10,11/25/2008
122,C176,Education,Bangalore,RSD2,RSD2_RSC1,2003,46676.00,28,3/25/2008
131,C137,Upper Mid-Market,Vadodara,RSD7,RSD7_RSC2,2005_V2,13158.00,17,10/18/2008
142,C61,Upper Mid-Market,Chennai,RSD7,RSD7_RSC3,2008,71274.00,21,6/26/2008
238,C185,Government,Ahmedabad,RSD8,RSD8_RSC3,2005_V1,10728.00,9,12/18/2008
324,C100,Lower Mid-Market,Bangalore,RSD10,RSD10_RSC5,2002_V2,98716.00,46,10/22/2008
241,C89,Lower Mid-Market,Bangalore,RSD4,RSD4_RSC3,2004,76993.00,17,07-12-2008
125,C102,Government,Mumbai,RSD8,RSD8_RSC1,2002_V1,82566.00,27,12/28/2008
152,C246,Lower Mid-Market,Mumbai,RSD7,RSD7_RSC3,2005_V1,139154.00,41,6/16/2008
427,C62,Upper Mid-Market,Jaipur,RSD6,RSD6_RSC2,2005_V2,16616.00,31,12-10-2008
469,C153,Government,Mumbai,RSD7,RSD7_RSC1,2006,34930.00,10,4/14/2008
308,C149,Core Mid-Market,Ranchi,RSD6,RSD6_RSC2,2002_V1,23048.00,43,9/17/2008
356,C247,Upper Mid-Market,Mumbai,RSD4,RSD4_RSC2,2008,108664.00,34,01-02-2008
478,C248,Core Mid-Market,Belgaum,RSD2,RSD2_RSC4,2004,15653.00,11,10-01-2008
352,C249,Lower Mid-Market,Varanasi,RSD8,RSD8_RSC3,2005_V1,22648.00,19,09-03-2008
303,C103,Lower Mid-Market,Kolkata,RSD7,RSD7_RSC1,2002_V2,132734.00,38,08-02-2008
245,C187,Education,Kolkata,RSD7,RSD7_RSC4,2002_V2,18100.00,5,9/14/2008
186,C198,Core Mid-Market,Delhi,RSD4,RSD4_RSC3,2008,45290.00,10,08-12-2008
101,C155,Lower Mid-Market,Mumbai,RSD9,RSD9_RSC4,2008,149770.00,34,9/18/2008
379,C93,Education,Mumbai,RSD4,RSD4_RSC2,2002_V2,86292.00,27,02-06-2008
300,C250,Upper Mid-Market,Delhi,RSD3,RSD3_RSC3,2005_V2,37569.00,21,09-08-2008
309,C251,Government,Delhi,RSD6,RSD6_RSC4,2008,38472.00,12,04-02-2008
355,C49,Education,Mumbai,RSD1,RSD1_RSC1,2008,3065.00,5,12-12-2008
366,C131,Lower Mid-Market,Pune,RSD10,RSD10_RSC4,2008,32516.00,22,04-12-2008
257,C252,Government,Bangalore,RSD9,RSD9_RSC2,2006,57068.00,22,5/29/2008
321,C231,Lower Mid-Market,Pune,RSD7,RSD7_RSC2,2003,29412.00,38,10-04-2008
337,C253,Upper Mid-Market,Surat,RSD10,RSD10_RSC3,2005_V1,53904.00,48,1/22/2008
184,C254,Upper Mid-Market,Pune,RSD3,RSD3_RSC1,2008,50478.00,47,11/25/2008
320,C255,Education,Belgaum,RSD2,RSD2_RSC2,2005_V1,57076.00,19,12/15/2008
116,C68,Lower Mid-Market,Chennai,RSD8,RSD8_RSC3,2004,26224.00,22,08-08-2008
313,C144,Education,Belgaum,RSD7,RSD7_RSC1,2002_V1,6986.00,2,11/19/2008
197,C256,Government,Bangalore,RSD7,RSD7_RSC5,2003,119392.00,41,4/30/2008
333,C123,Government,Nagpur,RSD5,RSD5_RSC2,2002_V2,74580.00,30,10/26/2008
203,C257,Core Mid-Market,Chennai,RSD9,RSD9_RSC1,2005_V2,15036.00,21,6/16/2008
188,C258,Government,Bangalore,RSD4,RSD4_RSC1,2002_V2,13926.00,3,02-04-2008
164,C124,Education,Chennai,RSD6,RSD6_RSC2,2004,8040.00,15,10/14/2008
404,C194,Government,Hyderabad,RSD7,RSD7_RSC3,2006,37334.00,11,3/18/2008
369,C259,Education,Delhi,RSD8,RSD8_RSC4,2005_V1,12006.00,6,10/28/2008
